d1,d2,d3,d4
0.4967141530112327,1.6748258225906976,1.8453954614750683,0.8571401661871452
-0.13826430117118466,1.0456784033440025,1.6239217972047084,0.4908939863058274
0.6476885381006925,6.364302495436367,2.15958725520959,2.5589104649178624
1.5230298564080254,7.064757264869011,2.670225223011572,1.0456411132054129
-0.23415337472333597,0.3158614482564204,1.0624137651771277,1.6264074545435676
-0.23413695694918055,9.362122462436899,2.0575130395737085,0.7937727689760894
1.5792128155073915,0.5197128365147241,1.9199336022166797,1.2441635464450016
0.7674347291529088,5.412963353010705,2.3356700382252327,2.0863996523895674
-0.4694743859349521,7.090605194509164,2.1065983141188447,2.160271165941869
0.5425600435859647,8.709691237460856,1.6240153341305905,0.677440487246194
-0.46341769281246226,7.140869321324278,1.840473032166691,1.5647632561300213
-0.46572975357025687,8.017280830697919,1.6019870715982556,0.8059376582402354
0.24196227156603412,3.3945019254280604,2.538003569299299,1.5204216042083927
-1.913280244657798,8.148251137465122,2.010655824335971,0.973444537650841
-1.7249178325130328,0.8011484638467514,2.950595342876504,5.328466176250168
-0.5622875292409727,8.948166560605276,1.9696695930926895,2.9541618013078415
-1.0128311203344238,5.475923761537363,1.6457966165447686,2.228500880303534
0.3142473325952739,8.172977699624937,1.2431428036935865,1.3319327974375812
-0.9080240755212109,4.523182845183001,1.0984301618720274,3.0131773565069344
-1.4123037013352915,6.4357769519652495,1.2079320284972552,1.5999240919665505
1.465648768921554,5.264026609361132,2.1335633255057416,4.976620843166164
-0.22577630048653566,7.315895217553319,2.254362511614967,3.2214440850601753
0.06752820468792384,0.8162998203058958,1.2094046489839334,1.2368715332074345
-1.4247481862134568,0.603520839905638,2.447519157038058,4.608075156575967
-0.5443827245251827,2.4710323401014644,1.7584694741582803,1.3373770818174069
0.11092258970986608,1.5954468011318834,2.0733965059927746,5.531539429239286
-1.1509935774223028,8.717835665922017,2.806110314127712,4.770340066411562
0.37569801834567196,2.192139873580443,2.448419657932766,2.078188716024413
-0.600638689918805,9.758652558191313,1.8657346760470839,0.3753411399028164
-0.2916937497932768,3.3689579177110685,1.5544038872923562,1.9624788399237496
-0.6017066122293969,1.8211791568869928,0.9240922993353475,0.6135082874267554
1.8522781845089378,7.896985071424791,1.64042334037879,0.9986298610454313
-0.013497224737933921,6.587077755008761,1.8944348805861528,1.0630512133312007
-1.0577109289559004,4.98195716453139,1.506410236424408,0.6085087967821217
0.822544912103189,5.553635509376313,1.9343715164538478,1.9679050039044899
-1.2208436499710222,7.192017782722639,2.038425941479384,0.9010244351884652
0.2088635950047554,2.2845474133129873,1.8875720090959607,1.3864230726345976
-1.9596701238797756,9.963339160567418,1.6749987095882701,1.0706343153667846
-1.3281860488984305,9.747931621467831,2.084327335983364,2.3726445182906124
0.19686123586912352,6.503256863469369,2.2209703247847044,2.2517869209161696
0.7384665799954104,1.9954245092914513,1.454800461278577,1.3000329886728221
0.1713682811899705,6.802282424312914,2.705466189873135,2.4568446965593496
-0.11564828238824053,0.7219840897917584,1.9507059338578692,3.809991370059111
-0.3011036955892888,0.30652502205806065,2.009424811472424,0.16342720954974477
-1.4785219903674274,2.576828885112137,2.3541072116282784,1.020122099964138
-0.7198442083947086,4.626229567393163,2.116608065631751,0.7264264669357021
-0.4606387709597875,8.682725054083805,2.4765683169566226,0.9446671289784699
1.0571222262189157,7.271690697663081,2.143562082600912,0.12533361986943298
0.3436182895684614,7.42706521199981,1.6937813126797812,0.15435643791883344
-1.763040155362734,4.2549333444807536,2.180751762603051,1.1011809065694378
0.324083969394795,3.4593499254696294,1.428136896339669,1.0754148479529895
-0.38508228041631654,3.7103876298460268,2.0542798528882615,4.178267975614057
-0.6769220003059587,9.876495637360579,1.9833850046777697,1.8557609053136215
0.6116762888408679,0.4010919141248248,1.8959415713637302,2.412717962547131
1.030999522495951,8.670314961224486,1.9357312442805346,13.610232684515386
0.9312801191161986,5.786754085723934,1.0590754772511803,5.031947059181498
-0.8392175232226385,4.386154191895905,1.7256375461295193,1.6085983608972252
-0.3092123758512146,7.252576604151365,2.0464224505705575,1.1767816102382918
0.33126343140356396,4.866689414247029,2.0799281959987,1.0339437535326663
0.9755451271223592,8.734232380816605,1.4861624295370208,2.129279007957594
-0.47917423784528995,9.007018640112586,2.6328539204323502,1.185033022963977
-0.18565897666381712,4.217209268734554,1.5669125758927496,0.5920364392189047
-1.1063349740060282,2.768277972350516,2.4847286002633684,1.0666785450080127
-1.1962066240806708,5.923503285933622,2.2135971809358423,2.1735792917642662
0.812525822394198,9.12363345616691,1.6768863450780984,2.7175352765287464
1.356240028570823,2.106621890056666,2.887655446304756,5.373565642915617
-0.07201012158033385,6.229665835634828,1.4031815841217599,1.796504120751665
1.0035328978920242,6.3156022009252055,2.459577086805001,3.9618218332107
0.36163602504763415,7.33113022415281,2.500291159021489,1.427737482737432
-0.6451197546051243,1.315676851272598,1.6646898954616776,1.5851658732513558
0.36139560550841393,7.158249646820885,2.6962326500321643,1.5210736347425475
1.5380365664659692,9.09032520665641,1.8749767427005235,1.9595114247080203
-0.03582603910995154,1.7968310887024197,2.1443468146399285,3.0593869413532375
1.5646436558140062,2.3754332492387764,2.1301609193856104,1.145027751653363
-2.6197451040897444,9.713950940416396,1.932845629264726,0.7620717979876594
0.8219025043752238,1.8097695270948977,2.4054041365798913,3.229165154878983
0.08704706823817121,8.543850933695792,2.3967443602761067,3.0727458322488554
-0.2990073504658674,4.922778564480348,1.1257340133809097,4.382424094128679
0.0917607765355023,2.4723107440317706,2.6521701214390765,1.002207634978257
-1.9875689146008928,8.707499012725114,1.1687540059821628,1.3875378166310834
-0.21967188783751193,4.453052550026655,2.5162731021708287,3.3126792042940307
0.3571125715117464,5.148173539296902,2.5633525684137917,1.1340506153723455
1.477894044741516,3.5923336939976567,1.4545167848924008,2.6377981640216728
-0.5182702182736474,5.9295085143492745,1.7945928560227076,1.4326270152890295
-0.8084936028931876,1.6352387258502277,1.4471476657570321,2.121003094408577
-0.5017570435845365,3.910815366517607,1.8925394848556323,0.5806988477332483
0.9154021177020741,9.694123223352875,1.8459828579071293,1.7791095589440151
0.32875110965968446,2.5813343270112754,2.3898302661346698,3.758727321538659
-0.5297602037670388,6.567366645412922,2.655154373059804,2.885228311242309
0.5132674331133561,3.251900642246949,2.697841905394978,0.7172552599051062
0.09707754934804039,7.734731256866007,1.718915986710849,5.093322133217807
0.9686449905328892,1.3087366071834983,1.8953890631277361,3.604639332725947
-0.7020530938773524,9.698210450785448,1.158280903889525,0.6075657503435521
-0.3276621465977682,4.5378954138363925,1.5970649667519057,1.072785423894028
-0.39210815313215763,2.3605046334646396,2.4824258165487287,0.640924330623535
-1.4635149481321186,0.7349674733001266,2.807791411774116,2.1644251720166134
0.29612027706457605,1.6975790508754074,1.382825564060039,1.0334569893376828
0.26105527217988933,5.197739485560176,1.7037678704235528,0.21625400523754473
0.00511345664246089,3.3700317643128628,1.9867971215205364,1.5796214295790363
-0.23458713337514692,8.288833658826094,2.1400805794098035,3.1418078427309717
-1.4153707420504142,4.308875236618059,1.5951982400391769,1.8069561101577933
-0.42064532276535904,2.487142725876299,2.2120305222320447,2.471357472565194
-0.3427145165267695,6.171449866040301,1.763080326464542,1.9381577553365175
-0.8022772692216189,7.067772168854458,1.9927738645608604,2.802433239739994
-0.16128571166600914,1.6704190790094986,2.2731421240018497,2.0678849229672402
0.4040508568145384,1.6761921628831766,2.003211134905469,1.513216267502533
1.8861859012105302,0.3667142693354297,1.7818070547367157,1.7901393712605778
0.17457781283183896,7.364020150656405,1.9451950980370847,4.490840720327109
0.25755039072276437,6.638045276218051,1.9558185203973324,2.57110953879857
-0.07444591576616721,4.746308757498139,1.8149944850589361,0.7150484564369035
-1.9187712152990415,8.441704489691972,1.8706019686664488,1.76870800698029
-0.026513875449216878,8.056701529500533,2.7993235852523584,2.136381821801628
0.06023020994102644,5.853543643967521,2.2804597239706195,1.4741558506797903
2.463242112485286,8.682712805132587,1.8522598409854198,0.21772889853289287
-0.19236096478112252,2.0584121003676827,2.348477202255368,0.784396336093237
0.30154734233361247,1.1191961939772788,1.833090255121995,1.1876975157266558
-0.03471176970524331,2.697496115169896,2.5865623187933204,5.484424725900063
-1.168678037619532,0.5708685608931485,2.184821096099047,2.3761745335923172
1.1428228145150205,5.31169528001032,1.9463489279978856,0.3608788044403948
0.7519330326867741,9.366056922949614,2.223858462905139,1.548681892590269
0.7910319470430469,0.39343540668509647,1.2145619239657504,4.031031370974935
-0.9093874547947389,1.221099140100268,1.4366162655450974,1.0210701866230925
1.4027943109360992,4.521990282834353,1.4030374968004722,3.3987384947958486
-1.4018510627922809,9.33875017527905,2.0714715473818535,0.374050688953947
0.5868570938002703,3.161561049767505,2.866257499742546,0.03234807538731978
2.1904556258099785,5.072348086883924,3.115650073096316,3.746013979222219
-0.9905363251306883,0.41572859050392097,2.3190255507203785,1.137383648640146
-0.5662977296027719,1.4834320096208886,2.2504222374722285,1.2137221354322356
0.09965136508764122,9.86630122958847,1.0994711329236306,1.9247880336243677
-0.5034756541161992,9.651186964360456,1.728663100132989,2.3164720328928583
-1.5506634310661327,0.04939980934409616,1.6061081240458805,0.07616185794687742
0.06856297480602733,9.51811785423239,1.689576200874442,0.9531195329708994
-1.0623037137261049,6.391199378155004,1.9159280907076053,1.7439805694447617
0.4735924306351816,8.679182945200221,1.7639547111514364,2.31270172947545
-0.9194242342338032,4.547398556338591,1.010350094812106,0.7071362553104611
1.5499344050175394,5.155960285792503,2.3739551280587667,1.4139090273752168
-0.7832532923362371,4.888465802569202,1.4636284871300966,1.018342272664636
-0.3220615162056756,6.668642575461043,2.1196234320555747,1.9732098458760292
0.8135172173696698,1.396512547563129,3.0370413348749867,3.6555154445263125
-1.2308643164339552,0.2997358987267795,1.5403077042067883,1.2691620191583537
0.22745993460412942,3.079299415911909,0.7348562386268351,0.4489668094620458
1.307142754282428,7.0468076273664675,1.8569978890599446,0.9083073249672035
-1.6074832345612275,2.0185345212294834,2.5504798174992853,5.059612671805782
0.1846338585323042,6.734324333249173,2.9791737271102967,0.7872218294479028
0.25988279424842353,9.699120461072704,1.3852252027737917,0.5465783961331212
0.7818228717773104,0.9390071578941839,2.248349611618261,1.206255564473956
-1.236950710878082,6.726021182251262,1.7673447716099733,1.5489884201985324
-1.3204566130842763,4.437502193045711,1.9470258228479322,1.0724443722279218
0.5219415656168976,8.681422543775053,3.3221716735085174,0.3763801445187985
0.29698467323318606,1.771497894473859,1.2485148358024234,2.117269966548828
0.25049285034587654,6.926259522261645,2.1268698307472866,1.9747239674805317
0.3464482094969757,8.381152896481103,2.233846585882717,2.73045936308448
-0.6800247215784908,9.446142194740233,2.5428931624696736,1.9417552880296423
0.23225369716100355,6.832480282896459,2.048991576735448,4.78570606297277
0.29307247329868125,4.971747640084273,2.154025269752051,2.8810389980956574
-0.7143514180263678,6.178472402012138,1.8041757162891043,2.4874421400785325
1.8657745111447566,8.689049844787181,2.134563470622554,3.746611901657497
0.4738329209117875,5.706097466388297,1.8284038622512948,1.8545167744190005
-1.1913034972026486,0.3038705969683686,2.3107859449280252,1.4380695642921342
0.6565536086338297,9.309486955069778,1.815194831978183,2.0997614148386834
-0.9746816702273214,6.895267510315612,2.1885501969510934,0.20365340129477344
0.787084603742452,6.765133857772465,1.985368593157511,1.858995325003087
1.158595579007404,2.1567515239771717,2.5630251253860843,1.5476709612866153
-0.8206823183517105,6.5888547023265716,1.974303138205757,2.2691912313739175
0.9633761292443218,3.938644056541585,1.1134837658965593,3.40568929069643
0.4127809269364983,6.512329770414921,2.630960750356996,2.5392278748985078
0.82206015999449,1.0659303030799072,1.5471338495686906,0.910504191586185
1.8967929826539474,6.5784530460303605,1.6731168306755901,3.033142319638251
-0.2453881160028705,9.994137257706665,1.702169352978254,4.831818342720789
-0.7537361643574896,0.4821203886055603,2.6872190465854087,3.4660931153955885
-0.8895144296255233,9.771741842213173,0.9321628930106522,0.49259623454458235
-0.8158102849654383,4.069079607228706,3.568874266829997,2.520209683050073
-0.0771017094141042,8.707534503372592,2.5280284045330257,0.571736987920212
0.3411519748166439,7.823854840582735,2.1116194570645797,1.3272072735833853
0.27669079933001905,5.6701626098666775,1.9725529996918567,2.2209593189624988
0.8271832490360238,7.384492092513265,2.1427770374288286,2.012853594007868
0.01300189187790702,8.78515561301348,2.260561214189669,3.420225595764783
1.4535340771573169,4.0414032165103295,2.3226077929750284,4.84739027773923
-0.2646568332379561,3.270331615632387,2.277802233001724,2.384641581366051
2.720169166589619,6.675933855635847,2.044790340627624,1.2458644280471307
0.6256673477650062,8.078459419412585,1.901330789846337,0.21721460249037094
-0.8571575564162826,7.622851347766158,1.9243633581732442,4.013623639721806
-1.0708924980611123,7.978136488586345,1.9025458598236595,1.554099728948099
0.4824724152431853,4.35583314812933,2.5668850484335324,1.61863216890034
-0.2234627853258509,8.178342161750216,2.296778361140431,1.7205891225579377
0.714000494092092,1.2020905537060844,0.5298056826678599,2.306491109068545
0.47323762457354485,5.444890979608496,2.3279503882648807,2.355686523418248
-0.07282891265687277,0.057586604981215705,2.0973680973593876,1.34447074568578
-0.846793718068405,3.2458582990027027,1.9906456217770514,1.5419817856320088
-1.5148472246858646,3.664615348713979,1.805740773455557,1.003274881140946
-0.4465149520670211,3.961726916092554,2.5620563599930066,0.9098716678550756
0.8563987943234723,6.954672066898622,2.473763231061429,0.9059554032780802
0.21409374413020396,3.885581012703457,1.6135611660881954,1.5278416829282073
-1.245738778711988,4.486936226225307,2.2035261435622675,0.7564147237475232
0.173180925851182,2.375441308743275,1.514171632729357,0.02586048512545218
0.3853173797288368,3.732517916293401,1.3101909176055346,1.2280932655345356
-0.883857436201133,2.2726962726315145,1.6866413877050175,0.5252051264144759
0.1537251059455279,0.7319592376844364,2.4311967361913793,1.8119400397188838
0.058208718445999896,6.034485933813779,2.4765625226880434,0.9998891472316964
-1.142970297830623,6.682127985550163,2.2565427100486466,2.3272378507686504
0.3577873603482833,6.194903460096145,2.3625478934239985,0.5764447770524825
0.5607845263682344,4.6349404380057235,2.2580891435574793,0.27379706811826837
1.083051243175277,3.797857801792298,1.6792592023885238,1.545012209705356
1.053802052034903,8.633336495718252,2.2159612723369704,1.18526698467885
-1.377669367957091,5.190817851362181,2.400204762613841,0.47898142753666184
-0.9378250399151228,4.79181877629731,2.377145664906787,2.882661548992331
0.5150352672086598,0.2564206580643569,2.5944566857373212,0.6787430436665497
0.5137859509122088,3.4124782762615635,2.354151923600532,0.8717751960837952
0.5150476863060479,3.8019561878585706,2.1757241037707913,3.2694837907229437
3.852731490654721,3.988227808969005,2.535075119158214,2.4248967534028396
0.570890510693167,5.801723692273323,1.9867393703754699,0.6092958748305087
1.135565640180599,5.336025467268785,1.559062674386141,1.2750550483640801
0.9540017634932023,6.079050927934446,1.918466518028118,0.5498762721817827
0.651391251305798,7.6488326154212825,1.6275486775967756,3.1071350979809567
-0.3152692446403456,8.129857387160936,1.6624108625128091,3.1056807612947948
0.7589692204932674,7.181230762264944,1.927740664642241,5.320242165571744
-0.7728252145375718,9.555236959549347,1.6037900395000193,6.688347148972094
-0.23681860674000887,0.1823258267636163,1.8460192351804798,0.9896954941081308
-0.48536354782910346,1.957779856835461,1.053192666523107,2.7664795570867424
0.08187413938632256,0.0756287497814212,2.106646853686469,0.22602778998038586
2.3146585666735087,6.47474714154603,2.000602737681112,1.9173394139629327
-1.867265192591748,8.98030548949987,1.5914556844659047,2.2784573027190365
0.6862601903745135,2.4348229657629927,2.3296228342162024,0.7147562748045005
-1.6127158711896517,9.270345447963066,2.468785068813279,0.9365422313245113
-0.47193186578943347,0.6026739028956085,1.196220067815513,3.1202573613783104
1.088950596967366,9.344360268055143,1.618637610716893,2.3196998226472427
0.06428001909546277,3.516226872396344,1.6154288251063509,4.878540825739533
-1.0777447779293061,1.0142082844921652,1.5300484494455677,4.507972705751979
-0.7153037092599682,4.858717591863257,2.4147374209658743,0.31234377378893186
0.6795977489346758,2.567765677205079,1.9030869306135982,1.0771507068552129
-0.7303666317171367,2.8487290196192285,1.8677425793446947,0.6453151372768999
0.21645858958197486,3.0728996492628657,0.9980688177966233,2.8483245684492267
0.045571839903813784,8.030258978326634,2.3177090151046134,2.0604813042776007
-0.6516003476058171,5.391612766752544,1.3803708025732637,0.6889679057821989
2.1439440893253257,3.1130769915600363,2.029966315133164,0.7950155601419622
0.6339190223180112,6.103337833109183,2.1386884689790957,3.856415050981009
-2.025142586657607,7.161506742231936,2.6803292979193256,1.1832699789997754
0.18645431476942764,2.7262400073353374,1.345589800440444,0.18081577664545134
-0.661786464768388,4.135491015253515,0.49024392208958734,0.6312147395716362
0.852433334796224,1.2188609333694755,2.0919247723768475,5.552484584191998
-0.7925207384327007,1.8114934953468032,2.900255590755427,3.3349199182515927
-0.11473644146689901,6.811178539649828,2.6194731764697186,0.5148147538485737
0.5049872789804571,1.8143834769562694,2.104829707637313,1.9166803124050495
0.8657551941701215,5.251633836670601,1.7541819071839764,3.1944091987856966
-1.2002964070557762,7.090462617224327,2.403561298318655,0.30730785627903706
-0.3345012358409484,1.0687692309474384,1.5132269001477656,3.4411606579573806
-0.4749453111609562,5.673122196289036,2.2381788846781094,2.3037747526467744
-0.6533292325737119,2.5656278370136376,2.2527350795833136,0.8880329535304984
1.7654542402810969,9.629268752375799,2.53010495374944,2.573056295834684
0.40498171096095553,4.835456467199247,3.3798300194555386,2.081980834308571
-1.2608839543350452,8.059925497751582,2.1962079835893835,2.187735263143341
0.9178619470547761,5.502265421562617,1.7455181871462506,1.8652526159811194
2.1221561970126332,0.43412532854819164,1.9872128439040029,0.7683509251083402
1.0324652605511468,6.3315137559402235,1.1154620475554409,0.9059150767090931
-1.5193699659540134,9.51403342206657,1.652643434455471,1.3777789754682952
-0.48423407286625136,6.016118201463312,1.795358780943448,1.72676416853222
1.2669111491866227,8.191888594267901,1.7379558010327036,2.681761931174404
-0.7076694656187807,8.842064633484078,2.076177436016861,5.638738271541136
0.44381942814622843,2.2807977194893247,1.5887900338088996,1.9836734870145372
0.7746340534293368,2.1204483990822665,2.5605153336622357,2.648349001254789
-0.926930471578083,6.1098098885099175,2.0001035324590983,3.0831631895818385
-0.05952535606180008,4.110284698067047,1.9953498394306928,2.7817525806891092
-3.2412673400690726,8.398613028667203,1.836052641743541,0.7415453553728885
-1.0243876413342898,9.000231233980111,2.0775953419294897,4.1003864973407484
-0.2525681513931603,3.534213793027181,2.4125491323338175,3.6798134254446455
-1.2477831819648495,2.3687055897448204,1.56643489214455,1.8461240361994247
1.6324113039316352,7.805255152438618,1.6709417554623718,0.7833672290209635
-1.4301413779606327,2.748060355481361,1.8481369856116676,1.7057385465060109
-0.44004448669698376,8.226143185136785,1.3270645382633925,0.3543137345566454
0.13074057728609134,4.237382536487628,1.590371070139251,4.458485387703147
1.4412732890661155,6.675498992914704,1.7618895632276705,0.9805192221704506
-1.4358621511794394,0.9553531383466818,2.4371945903563637,1.3217799526050993
1.1631637521549596,6.23859324676573,2.1312806645009625,4.250616069565415
0.010233061019587049,4.517676787372292,2.096794955683772,3.9185065587829704
-0.9815086510479509,5.866084631754741,2.425448981083986,2.142247761331872
0.46210347426327075,1.6801420774486342,1.9313141058003016,4.902802551964478
0.19905969557347003,7.368737449441821,2.195232424964445,0.7197672773906844
-0.6002168771587947,8.627970775432285,1.9483891235337518,2.1430558138541036
0.06980208499001891,2.1673980009077565,2.1326811746998144,0.7253737283538735
-0.3853135968617602,0.9571455552016173,1.708620671194209,3.530027249574712
0.11351734525124804,0.23638586046336396,0.7805914208617855,3.4466949936128786
0.6621306745210467,6.4197150044326605,1.932860418906848,5.131000319546509
1.586016816145352,6.070940360887808,2.7113740680499703,1.6662617498620955
-1.237815498826849,5.4669741271407,2.463107701120796,6.070698483130305
2.1330333746562666,2.3194709611597544,2.4826987422955855,0.6698855022359888
-1.9520877995225019,3.9090599590551465,2.618065360903109,1.5980398898125783
-0.15178509503558332,5.944763351861731,2.0443287954807188,0.6929658113925538
0.5883172064845765,4.967668588591694,2.098657853702798,1.9329102559256628
0.28099186773503265,9.877855202148872,1.691174052282825,0.7507670046089379
-0.6226995198205938,1.3643975255673313,1.841963571986475,3.5365378779327648
-0.20812225035727522,6.951445540475937,2.307885574885571,2.3584449394107545
-0.4930009346588328,4.043187681042921,2.601942218584408,0.6169221474160943
-0.5893647569442115,4.281996149256147,1.9302768621595003,2.9932831107620443
0.8496020970210246,7.175977656581763,1.7749053675742943,4.676953883466165
0.35701548596504734,6.924361513243697,2.000263979428299,2.5230696318258827
-0.6929095952606542,9.912559937021882,2.3006033744645573,0.45212403148869373
0.8995998754332507,1.2839428945412523,1.278072591933229,1.4816505574655507
0.30729952087660933,1.0410964938416634,0.8519095234313809,2.7544919445040907
0.8128621188389601,7.243388171287411,1.7247315752542083,1.3725878514354115
0.6296288419236122,5.783869170064091,1.3896437870429206,0.6617556641840484
-0.8289950109220723,2.7416066655980584,1.7459299011763445,3.812277099233179
-0.5601810401969696,0.794193689889866,1.9261098405912642,1.325826045013799
0.7472936051232618,0.8565824959643054,1.7733757954884932,4.67886272709027
0.6103702654334648,8.941908746641182,2.7262337672353727,1.082033192555644
-0.020901593964148132,1.918673247187429,2.16337238230116,1.2641592430023294
0.117327383308782,3.2337156211552074,2.1502371798054143,1.0115897669236253
1.277664895788425,2.26656402226988,2.311103572021701,1.4618516647563793
-0.5915713888358299,3.5499630583193733,1.4305834411096154,2.3308910539999177
0.5470973811700379,0.6942384274609337,2.5195558937101343,0.6948246301707484
-0.20219265243389406,5.190597909082704,1.9621178567322701,0.5771003844989513
-0.2176812032272203,0.676125635922149,2.335240308620606,0.2995347096332231
1.09877685198719,8.003565078223616,1.4640713834799222,0.25782929512727476
0.8254163489880298,2.3371208191043302,1.223120616991968,0.4577610624831452
0.8135096360006385,5.400119146045106,2.408944829012514,1.0757698121886186
1.305478807154329,8.800790875614583,2.188204763048758,1.906833884251297
0.02100384163275905,6.5087736904719415,1.5489742228212449,2.238990411740362
0.6819529712949639,5.329577865513353,1.5651684593626527,1.8416617134555966
-0.31026675659345604,3.243337531153756,2.562717392207385,4.329165566260101
0.3241663524884421,3.330019130581979,1.405294053566336,5.257728471046547
-0.13014305436768459,6.694869551981901,2.8213364766279816,1.3309025136119754
0.09699596499271819,9.941393612211675,1.5496896326760656,0.7058211607668478
0.5951570254369136,6.618391898493786,2.3191959628041916,6.315382972673188
-0.8182206832334725,5.577834173700249,1.8356907621255076,3.724538968847576
2.0923872756854602,7.306505102392461,2.3015937155411716,3.5408524118974203
-1.006017381499702,4.652056122837181,1.7279429989429036,1.0394803433383184
-1.2141886127877322,0.6014234260078521,1.918603546963853,3.044858397183122
1.1581108735000678,5.6229681587790985,2.0204595876978604,1.8527159484319988
0.7916626939629359,9.576252845053801,1.4989062721092636,1.5729804926670352
0.6241198170521551,1.7530294235765964,2.370412172710063,1.5708787912389786
0.6283455092642799,6.900048908206657,1.7433932167642074,2.408294104746639
-0.012246772846914623,2.0093368865905648,1.8857000423299908,4.422987650088282
-0.8972543714858315,5.3582768447308124,1.5028253126957438,6.655141891911336
0.07580455819372633,0.9667644964671962,0.7188331706023448,1.1972069592069812
-0.6771617115121117,4.503709362581851,1.9044861186999156,1.9319845034453342
0.9751197334177512,7.561633288952461,3.206307710806458,1.5422871455456164
-0.14705738150213865,3.4757152423898208,2.3923021439490118,2.295244029886976
-0.8254971967925115,6.64911724487218,1.9903698101328027,1.3956352660032774
-0.32138584165299344,7.954499607897292,1.868554585395866,0.9383553519978198
0.41293145427562433,9.271778194794527,2.011232946406023,1.19857578755158
-0.5637245528039747,2.3464208185545354,2.273559557587605,1.0525704030129723
-0.8222203955664315,3.993159158093081,1.4095935923455776,1.4839719750917
0.2436872114919123,1.5241601333041743,2.557160847334436,0.49289198219725544
0.24496657110872277,9.924835021583752,2.357690657720622,1.069717393022539
-0.5069431753711298,9.270009679242953,2.3590928628539674,2.279091525538736
-0.4710383056183228,5.399571302805596,2.219237869404864,2.266965029781829
0.2320499373576363,8.420332943764212,2.009808328846995,2.0144575413875234
-1.4480843414973241,5.209579772720422,2.33643061798341,4.169207591746535
-1.4074637743765552,6.2358568800275975,2.295907066870689,2.344442270983919
-0.718444221252436,0.8912443211601662,1.8229796445294881,4.078739336482842
-0.21344715171184725,7.552704204968079,1.7131991135515494,6.658342935515135
0.3109075655980046,1.2771348363523483,2.0509281476309935,3.0980301101455336
1.475356216949552,8.260676302525283,2.774510075747594,0.49537040273398847
0.8576596232020194,7.820280876703859,1.3804464621730497,2.073841043724749
-0.1599385299634271,7.087446977429765,1.26623736712378,1.85538031444813
-0.01901620790268883,0.36160380524762115,2.0823804206182586,4.673841511533065
-1.0025293646378088,3.031283559453286,2.025443850928009,1.5268143516561474
-0.01851313599238993,2.631125699108429,2.086670832185204,0.8284858379444986
-0.2886586389201383,3.6013640747151907,2.1219765989542503,1.1229510160007286
0.3227185603380895,0.8764274676383854,1.8883988726825975,0.5146892858862256
-0.827230943552323,9.369578230310628,2.744931719301041,5.970174020759379
0.5193465142411723,5.538022407123763,1.1995480107617422,1.691080198830813
1.5327389130025777,3.0552431065802352,1.585751487609877,0.5655152272529576
-0.1087601484568576,3.969815170742834,1.9483726199254763,4.954214238595246
0.40171172209894146,4.472025405048356,1.1784055944229164,5.511892346609228
0.6901439917111125,6.005943333606173,1.9120727977839644,1.9033572544752173
-0.40122047188583626,5.156794276964978,2.830735082864009,0.46804984222639173
0.22409248181041677,9.193919732144174,2.010443244147981,1.1460249675887668
0.01259240078179486,4.969634829058302,2.115350452859342,1.4000230155509505
0.09767609854883172,9.921580148233126,1.36991761741371,1.7350464987341516
-0.7730097838554665,8.514249577450958,1.6918192959802614,0.6381651247041473
0.024510174258942714,2.085105143573358,1.8124018098380315,3.274550339270052
0.49799829124544975,9.305952146439163,1.841142451621883,0.15836876538058375
1.4511436077950417,1.163663978854761,2.6408218975018842,3.6435775886829322
0.9592708260852069,8.174497084911916,2.2788455303625623,4.1735325590692245
2.1531824575115563,3.806232934765801,1.444271021531484,1.2423786697077237
-0.7673475628880495,8.779743204450694,2.1232523892160025,1.5851708872361487
0.8723206367206782,8.680566901074503,2.2491108742483927,4.525429644433371
0.18334200573835174,8.059254001176212,2.570074519260633,2.6808939951942943
2.1898029332176723,7.900304363070614,2.790270343284187,1.2791326157987948
-0.8082982853551515,3.046791390980408,1.4924529040860657,1.4060040575955193
-0.8397218421807761,0.8091928305125218,1.5945712443948308,2.4180596456856276
-0.5993926454440222,4.029801787651614,1.3712110705426919,5.621115421686867
-2.123895724309807,1.7352451498650867,1.8829900704465092,1.441225537487075
-0.525755021680761,6.9495108890246176,2.2331791872231674,1.2473071355574217
-0.759132661553698,3.4609972653778556,2.493667258294551,1.7257332840163824
0.15039378647620763,9.756102008599148,1.9620244881787385,1.7336404655686515
0.34175597577715944,6.40972077345332,1.840076238372578,2.1193623340106327
1.8761708392158862,8.224805636343609,2.07587899612437,1.5891448594344735
0.9504238381860503,1.3252467274184843,1.5824285491849885,3.7917414518206383
-0.5769036556624031,8.620144822726225,3.0447693608473867,0.7716643189958139
-0.898414671348358,9.227571905133944,1.1961694864409707,2.2933184548764003
0.4919191715065057,4.870619188189359,2.0923702894478624,2.3588728162063957
-1.3202332070206422,6.062529377509774,3.01180310961482,0.8361319806774602
1.8314587658543537,7.648098009029955,2.003399922279999,2.2767865254569033
1.179440120721287,1.7483862726041255,1.9049804824992527,2.4036036821028426
-0.4691756521047048,5.0256607646344245,1.8212772885947863,0.07534903286508933
-1.7131345290908775,3.986630277723131,1.9098041591187962,0.705000971789145
1.3538723741654128,1.4637399216224911,2.686424237338265,4.778692337089586
-0.11453984525261789,3.6753442229153146,0.8940690443352466,1.0227634601887057
1.2378163119734618,0.6817230938549357,2.7667168506481628,0.5641185995187341
-1.594427658794367,0.25811906949486985,1.2880214237749275,0.2440242963731818
-0.5993750229537729,1.3516628915482276,1.8666738353827925,0.6445136346063486
0.005243699718183166,9.631151115891738,1.785377789850669,1.5366717919541204
0.046980593764742055,5.49529535895017,2.29427663488536,0.5242336157167409
-0.45006547147924364,9.6582216115322,1.2009378240581263,2.705818620247712
0.6228499323474987,4.32497878330132,2.2310863330409716,0.8224764911858454
-1.0676204293825944,3.1181613308525957,3.012154811643426,2.1313203805932517
-0.1423794850212935,5.061418628402441,1.3184129977035948,4.329345820503342
0.12029563171189886,4.3951168863291015,2.094853083805198,4.150120117900873
0.514438834058749,1.0566468426174391,1.6690089111016955,2.1044832689932895
0.7116148780888898,6.408263146902062,2.2129436030965177,0.6040894952230937
-1.1246420918378692,2.160381825095996,2.0095738887078762,1.620842548321892
-1.5341141707356223,6.195879548978295,1.6792565454778452,2.155532261355576
1.277676821898509,6.502010923981533,2.243936142435537,7.4662181798923255
0.33231401197959165,1.520248531286481,2.9021740548933717,0.24102578097892657
-0.7484865365565536,0.6134962711066816,1.9045481041363506,1.6253389579281594
1.551151975522523,7.807615860684399,2.359878971074091,2.637908867865894
0.11567463429285867,4.5980042376932015,1.3533635210644182,1.8306628442074255
1.1792971840638264,0.5816379550547579,1.5217818115909956,1.9856181804459716
0.06751848141010895,9.948663171697671,2.236203138940189,0.86815231760215
2.060747924881987,0.5778056099636664,2.7420580142679825,3.2353593972040167
1.7553408424432044,6.950352288585532,2.17780667439283,1.7342542753253931
-0.2489641484790735,9.836789252634135,1.8434709847384227,1.98023741535584
0.9715709509543554,2.391801042159256,1.999645702711677,3.473897164156363
0.6453759495851475,1.4224936868719618,1.3747961330151413,1.3113620929162222
1.3686315575323487,1.213849394224289,2.3022576631776834,3.998985894539285
-0.9649234605801045,3.0327514756759557,2.441166531161705,0.5059358478213989
0.6860514599984393,1.010458110106467,1.7739548335834598,2.065250855766696
1.0584244868495878,6.9216134169413195,1.7649789261202493,0.820081771884011
-1.7587394864231143,0.6229179813006269,2.132939114826024,0.6343403228795365
-1.183258512665775,5.094221281497897,1.7816401319797022,5.578293389980234
-2.0392321777601006,9.966968538529768,1.9669336926870888,0.5339405546369035
-0.26940683444455776,8.139702695060189,3.049860894583258,1.7603576063893704
0.7175422557959623,6.152194382310109,1.8764871496270017,0.4923865649978731
1.502357052096028,3.062536207866117,1.8208299239893888,3.8337958973530917
0.07409478041977519,6.238958362916385,1.6762290971824205,1.2056843551982557
1.6286155455712918,5.270414639116517,2.3720959857499686,3.4614021062259823
-1.3801014582148914,4.260833838903714,1.9093879133909486,2.5745627312915564
-1.7033824393551547,1.3071037674019947,1.675313480839287,6.760284196832986
-0.05554769889661878,8.866042152404667,2.660652016136506,0.39339918209572
0.3840654489393073,4.497846488213225,2.7098015022568185,0.6994040775655685
-0.03269474809409311,1.9462251182076507,1.6997882171306475,3.33428316090167
-2.0674421000398766,3.677593508772896,1.0667300243196918,2.139382088322906
-0.08912003951278841,4.1412975252892705,2.503756844918461,1.3899068693188696
-1.3044695005048532,8.275378955668742,1.657685087119998,5.960628589544971
0.6696725488300385,7.336143805614021,2.3953127995813843,1.6675483375733113
0.36659824609684827,7.693048936413398,1.0149480911440822,0.8489977691355873
-0.9398797863273552,0.11031264428647214,2.4462986691496544,3.4900726239367494
-0.5138669173366935,4.161539981797615,1.3944140353596093,1.7109829506798355
-1.0592135218889516,4.813441516353237,2.365382059533262,1.8146223282853646
-0.06267909727317188,0.19192276823056686,2.0071365339182172,2.730697987897402
0.9551423205012383,2.598132087450342,1.5230302903016777,2.80635157212162
-0.9857260463355437,7.60289823122135,1.7964818435366097,0.6904515902595808
0.5040465155178444,1.3710970572899905,2.3431592284783505,1.3260804883945094
-0.5302576183724408,5.353101314525917,2.052947226557617,0.44832860942107283
-0.7928728322623442,2.152018720172375,2.292206490236242,2.162850339971031
-0.10703035995455783,0.12120774643893273,2.9882202922577425,5.513263171635792
-1.035242322419374,2.412014575995415,1.2178791941444742,0.7180089215036887
-0.553649305347182,9.758737549100537,2.808606287484312,0.3629788295834876
-1.1978778925888485,8.015371118829895,2.0521779687616064,0.9759750153526126
1.9647251329163893,9.595766443210334,1.550607975838436,1.3802143861015381
0.03526355197172861,4.878540439263625,1.334843187130505,2.823834177718784
-0.6997255079925856,1.097361986775035,1.9054398046114833,1.266077453696106
0.213979910734222,5.47959488973693,2.46082505596223,2.191515814098304
-0.11232804969082982,4.543773345599609,1.9362254398112329,1.1039235057679329
-0.22096959953322298,8.44357082739616,2.7555774651236735,1.441907031716925
0.6141667000434252,0.9808258078424459,1.2744121549742204,0.8236068811025202
0.7575077100473051,4.882411370217782,1.9939555260769728,0.6024724088640305
-0.5305011476105275,1.5004866469398426,1.3738032777934404,2.8954147502616756
-0.57581824064468,3.2467592689005995,2.181815941312484,1.169743452013394
-0.275051697151644,7.373570773877996,2.44344369504865,2.309332663427576
-2.301921164735585,4.7601812936876655,1.7896191031594735,0.8118395011097826
-1.5151910621985523,3.7588828514576935,0.6978930716864329,1.6759512150032068
1.3668742674445247,3.944762785700353,2.0994740733982473,0.16357806659057164
1.6449677135012837,4.594467684059866,2.218369275866755,1.2437284532867052
-0.24903603955637832,7.850165438370569,2.202147377480849,0.8923494723376793
0.5765569630557664,8.920846889402345,2.617891095911077,3.7293661250056975
0.3112501545435361,9.553346865039282,1.4644731601754755,0.513079108157621
3.0788808084552377,7.869033862552951,2.340108052725225,1.4898090904573555
1.1195749114345768,3.1540689574801273,2.5962537562389874,2.143261053779409
-0.12791759148076653,6.881347060865421,1.1107062079967416,3.380250941408829
-0.9555404406004258,4.376031240553919,2.1598259129594886,3.0655085593258184
-1.6064463202575725,2.5467062204605115,1.7479100844961644,1.5845411425856615
0.2034636358672231,8.408715794259226,1.959238663449177,1.762528036820947
-0.7563507452843033,0.38426348962324997,2.173838241769168,3.727096886836238
-1.4222537095976742,9.017619921354235,1.7563857179432238,1.5609066442668356
-0.6465728842425266,4.614774646247342,1.6621459604191942,1.9081681873925838
-1.081548003614395,6.3720147680828045,2.017076208744012,3.810516257739049
1.6871416350725648,6.593539222057827,1.4563770305685986,7.374098533062741
0.8816397569494505,8.951177407065364,1.4570874355574073,2.0323913087002703
-0.007972641316617372,6.366696821672074,2.339686641478252,2.45440734508864
1.4799441388900259,6.139335847600618,1.425602982420672,3.002289992223798
0.0773683076476183,0.6665204056068996,2.333156250454606,3.7858789157777557
-0.8612842013282637,5.18408021945204,2.2312956464269758,3.4383141047008836
1.5231240772696573,1.5016900081704165,1.1370966356047016,1.0321482798451458
0.5389100436846587,7.374337687214856,1.6612176738321724,2.1339926557298945
-1.0372461543264564,5.122219208126745,2.5970547015236862,3.4546662401817962
-0.1903386780836082,6.802277792083533,1.5094172344301593,4.333287612075611
-0.8756182533847572,0.41672900602384266,1.7677978688453062,1.4919322742440768
-1.382799730964336,0.8479201604580322,2.2310304466259483,2.0961698380028406
0.9261775475316414,7.163233880626823,8.783390509282595,2.2762667016550227
1.9094166404701305,0.7208433599867337,7.748461113955504,1.7181130378200486
-1.3985675738191412,0.712567277652586,7.402489805308359,2.0564067254435154
0.5629692366905709,0.1210847523488745,9.422369861698508,10.337931543921242
-0.6506425691218269,9.5650139829948,9.738899663797579,1.4432201274864382
-0.48712538376469605,7.37508359459007,8.978858050781795,1.5331208770281113
-0.5923939242388692,3.5325140850206416,8.085318142565024,0.3202711328845173
-0.863990769679816,2.9653558128765525,7.191734278359074,0.2606359934821833
0.04852162794482699,3.4970322974584955,7.169555593443435,2.3939414145340563
-0.8309501164110378,7.746535311811819,8.522514105265758,3.4643284544213215
0.2704568257798388,6.613706110704144,8.418398220888683,3.037875896950972
-0.05023810944913695,1.8519556786746794,9.40159859294643,0.809809080816433
-0.23894804686640975,1.7410933533408435,8.65045009253614,2.914677246884542
-0.9075636620415979,0.9839564971339732,6.496919698240182,1.5140054001780623
-0.5767713305683327,6.603027197013382,9.051947617722918,1.2325635229615468
0.755391225825756,7.643726622217359,7.001939372685587,0.4618097579985633
0.5009171876243808,2.6504642832500402,7.616028728047649,0.9038015943156732
-0.977555244798551,0.20944961030912812,8.250200206251694,2.4342774397532114
0.09933230542922587,0.8217166747642735,9.995667489783964,2.117399183692426
0.751387123371789,9.678600348450304,11.109918556005361,1.8931818195831485
-1.6694052811213718,2.9544477747742026,8.606723059136183,0.13993509287713657
0.543360192379935,7.692231478381336,7.8168033812796125,1.9078601229885803
-0.6626237589458467,6.2466356885426375,8.53450564848055,1.0189034679506788
0.5705986685931593,3.8193963965289592,8.887655425873836,2.128668087270222
-0.7632591565425169,2.0568726219555513,7.679332374442808,3.863700330357775
-1.804882100664519,1.2138641815940643,9.795211355912322,1.1523961672565806
-1.6275424378831627,6.150129680388666,8.230070759191403,1.803802950328016
0.048084946661381994,7.74633780637788,8.497743089091394,5.937302669074692
0.25972250172148187,6.439042535411307,8.665924252054461,2.050989592883429
-0.9043166251044086,5.303021332491583,8.421586610614456,1.638069761941002
0.6385924587773739,0.41951223431636264,8.838940500469612,0.8219831788286868
-1.6615200622689599,9.684887775943839,7.3827468134530765,2.9714550468542877
-0.06607979864731657,7.987141916545745,7.44169824605397,0.6979670926534056
-1.2110161997624567,2.928220367009647,6.899845767028305,3.979406645337572
-0.6518361078021592,9.799703293588507,8.439501230620227,2.6804962735889277
0.047398671316414016,6.018815896363221,8.778936503512114,1.0499065437521202
-0.8604133652839524,5.824226582072464,8.457772866151887,0.8472281639408147
-0.38455554422982535,7.4807317942953215,9.674492433347538,0.8656981748401248
1.0062928092144405,8.117697880901375,7.9944039811709535,0.2664140846819651
-0.5768918695231487,6.564786073315027,8.668741655592513,2.352550641485578
0.8356921120651418,1.2809574636620003,6.908299123860686,0.16658760831718533
-1.129706854657618,3.382675059944984,7.612900297525599,1.5580022096815036
0.5298041779152828,9.280836403260498,8.695537757565777,1.4800384207040196
1.4415686206579004,2.2461561184385195,8.849102110743145,1.2794801422552748
-2.4716445001272893,3.7216702383751334,7.706033052335818,2.340918163137002
-0.7968952554704768,4.32076882944196,7.928400748141933,1.0521555115644907
0.57707212718054,4.394049896944522,6.482126253319191,1.9115158619847716
-0.2030453860429927,6.129395824945255,7.642970799193391,3.978876477220556
0.37114587337130883,9.430758377447075,8.890383163519786,2.5437115196772297
-0.6039851867158206,2.40692711832505,8.575205016106565,1.1889253823336199
0.08658978747289992,1.2150137630091806,8.50066572138121,1.6768606545046927
-0.15567723539207948,1.9747048985993731,8.04977368718096,1.2806550614192993
1.1677820616598074,8.869249002092696,8.007063158628176,1.463385526028301
0.2544208433012131,6.458108126552061,7.339678860526553,1.9557462497327147
0.3376026620752022,2.859067892391601,8.698828420202535,0.4399444214388541
-0.4118769661224674,8.159469389686173,8.42097294438939,0.33677916414858156
-0.48760622407249354,8.61369996363436,8.4920188479928,0.7593574697692971
-0.4325581878196209,8.465143386902781,7.47396515733242,2.4215604424682486
0.39445214237829684,9.189265336395545,5.846657080128756,2.6632951498687296
-0.42098448082026296,2.522410201733616,9.097152711753695,2.947826227117199
0.2897748568964129,7.550419287462783,7.521162543991596,0.7874362759571385
2.075400798645439,4.6053949727414,7.13722423595688,1.7959651451111984
0.8711247034316923,8.419985528900614,8.693478911913994,1.2196919847762164
-0.32602353216784113,7.284906771616132,7.6079873600808705,1.511981893821351
1.2012139221639448,7.764474464997246,9.059936384046622,1.2018709259964564
-0.4080753730215514,6.561618376810715,8.617005949576697,2.03905818621101
-2.038124535177854,1.7742876946970687,8.683569323200478,0.9426034860870135
-1.008086310917404,5.450269188969383,6.6340442887994655,3.6831399425254627
-1.8707919210258557,9.846697395245082,9.2119439853864,3.7054672412296785
-0.35151348404130867,9.373880664971189,8.261250531233856,2.3677979985443445
0.0184183791895517,0.4317373579701167,7.630722860753797,3.393984076165552
1.6764373122752827,1.6481481572943713,8.143388467342252,0.4219049223270876
0.32692737376416264,1.317287734545619,6.22376476710168,3.8294551896431237
-0.21910052880886424,7.259799099852955,8.408652811480671,2.206590386294133
0.8294055811834892,8.17785329856945,6.970628491817928,0.9927253016296828
-2.211135309007885,2.1351136631067194,6.647329714156466,0.9080076163927105
0.23561455810856594,5.05852692951829,6.477640813782109,4.725773605357475
0.7708651938869668,8.407030280112,9.112688374989926,2.980860528867368
-1.4785862457798415,7.328015447662506,7.3707366063072115,1.4804913939433937
1.143754043206929,5.422372054918483,9.5337277099165,0.4166691821133779
0.3384964074944141,5.903476904587729,7.464198536947702,3.962261685933844
-0.4152879139008013,5.0836054691628,6.292642042407053,0.6069971822405192
0.6327818661062848,2.9754845131882055,6.883475560051341,1.2379311996311875
2.270692857804396,5.650219928590161,9.235811620006938,1.4788713355620406
0.18186625505849516,6.888853020500907,7.844101822063332,0.895832785686331
0.24822058630033608,8.733229158608077,7.451712703509399,1.4269306007447218
-0.4593608995402441,6.362913539792481,8.160018225852788,1.6575881634288032
-0.8498443694647918,7.61121537043158,8.501782736167545,1.4035241760157404
0.8303358165442456,1.60071634954573,9.117398815902462,2.1141391384834587
-0.8560838259088672,4.6155747441978985,9.448499229892926,4.842683699900662
0.07156623721939247,0.09331619827093296,7.640231354210914,0.43905287585241254
-0.4776574467651167,2.46678864521623,6.673952313917962,1.8787446785827333
0.47897982574639186,7.264617151130048,7.586534838876724,0.613464662913897
0.3336621052869483,9.918099513493635,8.260280506582886,0.3946426951203654
1.0375399442578992,0.9917809958721591,7.036241073789389,3.2185734457851427
-0.510016398854747,4.0149431586128825,7.042849085104957,2.0004798552627827
-0.26987493529337125,8.000709686991595,8.343787881549886,0.3677196818723518
-0.9787637157823074,2.0403563462889887,7.951347648429548,1.4258945243540948
-0.4442932600761116,5.550849493022863,8.032796995411587,0.7612468573230609
0.3773004930448522,7.330712960296748,7.241504665299931,1.4660046574596641
0.7569886166453519,6.159854502601791,7.769599285794233,2.7307012684754164
-0.9221653241776254,1.8802473461541613,7.075766855731696,2.537565085320907
0.8696059201056602,3.553845686857394,8.890198411124787,1.208992497331167
1.355637858804951,7.837917844853973,9.035249334723753,3.3230193370980077
0.41343490322370086,5.542265141320167,6.153812137761906,4.1904702045194036
1.876795812558066,0.052296135429127366,7.07048913980759,2.7625668220974258
-0.773789199103573,7.6099076002809385,6.5034707449099205,1.0468756311840361
-1.244654703311417,0.3531135494023907,7.3499760655931015,1.504334992717663
-1.7787202489042786,7.457337827312322,7.916562030209639,4.741302862146387
1.496044311489183,2.024805601652374,6.55035478030147,1.28453942280444
0.6543656563540577,9.580734801193802,7.078140186874687,2.5432638598809847
-0.05558467091045507,3.679407513020845,6.996042627918501,0.8849701056603528
0.2799686263198203,3.269316163380791,8.207267329398944,3.3390786189811212
-1.1254890472983765,1.4888805033244468,8.06934433703625,0.7965215044171648
2.4457519796168263,3.0560421549021486,7.278262446662747,1.5563172781830956
0.1292211819752275,8.766507618282006,8.176820872139398,2.4794918782612023
0.10939479460489289,9.963343376272473,7.4533199154127345,5.393014395050614
0.725766623898692,3.683095305068483,7.728344889673947,1.973236343959026
0.4810092317367132,4.486106309545425,9.673452090298538,1.3500514927042595
0.22388402427913137,7.220709382027371,9.340461051790347,1.2690196965430767
-0.7904744554453119,8.861957804650745,6.700418763072403,3.239216095726282
0.4714683571359957,5.930443341867841,8.829732417879175,2.337865417313801
1.8820244964750337,3.9152569817782936,8.811396554491592,2.6926155312715467
1.3454200461549777,4.126218408486237,6.851736711247382,4.519994853314762
1.593186626639397,6.956181464968068,8.81877764375486,1.7454470178672603
-0.5112156764311852,0.032182636042786816,9.537931918412554,2.2199171686124246
-0.9896048202585809,6.195893374598407,6.877455193755586,1.2550209204831115
-0.12578692009964815,3.554930104413574,7.0824971789857365,0.8550099720459017
0.055724912288694604,7.941973312770843,9.017661466843503,1.00866544578588
1.0941915184709485,0.9299063982313216,8.271495310825648,0.09350896535491571
-1.6924646297148194,5.882022669483905,8.551476275239523,2.461550750664298
1.5295503194606137,4.809728898861238,8.340589216400497,2.2828194390437546
-0.15800789857898942,6.423255259052274,8.390695920928144,2.4243435338682824
-0.42688106994742003,0.6485359448296835,6.673527871688917,0.8049631458672121
-1.0121043752601675,5.799837874281312,9.047317706621449,1.0238207683025347
-1.6548566718657693,5.614845879595237,9.169589992427774,0.9954127447288504
0.8231705839619146,5.606600944161709,7.770609255931972,3.564230216631732
0.07331796718840389,6.034876665964548,7.956523050186138,1.9190984197572092
-1.2899608997410539,6.764679372263622,6.468892497444278,1.731137325443034
-1.295078772063616,8.049889996807698,8.514254756017834,2.869310816961591
-0.3357846992901282,2.6982072012821434,8.572057441714144,0.9983076103538809
1.669021525289393,8.250494101800621,7.937808983000689,2.1807714696917326
-0.2595913513636048,4.982556822634536,9.124353359870502,5.856962649305616
-1.5031429531181062,0.7705827913433116,7.665922769020059,3.949814080925076
-0.24574306408594432,0.585509292439792,8.5646059258936,2.156837640452846
-0.2727235697476705,3.3423831869606078,6.980335661307884,1.7811171077489596
-2.6968866429415717,7.8489697711146755,7.976447849125762,2.40936968351374
-0.05429486651781221,7.076809347409157,7.825645742097164,4.320336200355426
-0.23093453020867796,7.886149646724064,8.225307922040942,4.117160994075081
0.6962063648134184,5.172690564416094,7.630473071166642,4.808583195669432
1.8489560949453452,4.401989979554905,7.868527404328332,2.000300941207326
1.1265650295477574,1.4745252670628395,8.826047171441505,0.16478386997709943
-0.26888869055483056,3.2819275360931153,7.563235762761782,5.587190181788446
-1.1065259087416703,4.340193661738753,6.393422899261321,0.8533182126535942
2.5733598032498604,0.8860042967961723,9.749583904205421,2.8365384012063584
0.05921843401448826,2.2061195271121123,9.381454078690487,0.1695256005224153
0.013929291912946203,5.982252940637388,6.707737304894382,1.703675851799682
-0.024125087110003277,7.356631142391898,8.689707805245195,1.2864181730782045
0.19808476076785494,9.983475113929497,7.497025229448657,4.815817469418161
-0.14436041192394247,9.331133313435577,8.26348721533106,2.176962469087882
-0.5736620068802363,6.425651995351915,8.294224129013493,1.6900347188028597
-0.5468589412403921,4.21248053294072,7.765592199683678,2.354318476407592
-0.03275327021599839,6.361773647082327,7.2162343344136035,0.04578258068468653
-0.543424771133765,7.85651618080232,7.309458947683741,0.9785711258377232
-0.7128457826771644,1.1833619092338732,7.083808084518758,1.112438635133727
0.10643022769189683,4.099048896962882,7.168177791769555,2.62527682391575
-0.2549772174208553,8.398022856356173,7.932821709950645,0.691033363340875
1.5039929885826886,3.83832951933044,7.284240010889248,1.9365443672476605
-2.650969808393012,5.718722712271865,8.68205206571262,1.5666608678766345
1.0915068519224618,5.877693608621982,9.487246155335928,1.0252433661475502
1.246085192497629,1.8447625313363936,7.419946758629957,1.0836832202663516
-2.0733902324081495,3.622354416522884,8.239404500535377,1.5555084372670245
-0.34268759408034877,3.3451128874193214,8.499685110302934,0.23686530337515277
-0.37144086599579146,0.26196708532064794,8.472002270919274,2.896750637025076
-1.4075116947178212,0.24191763891355245,8.075955267916088,0.847924929276177
-0.7778166875908753,8.316970436757735,8.742682418359722,1.3532617596967886
-1.1105758454658288,2.7307080997281243,8.482248952680656,4.699332574537192
1.7522704434236227,5.180787662388155,6.762337577672702,2.931486276117232
0.9356783931474612,2.9872557358877305,8.869156064389273,0.5784884120816698
1.2715550949941588,9.406792451153406,8.887290837266741,0.0317068700762308
0.7216720640432351,2.5929675886577375,7.236713895821419,2.427082873563264
-1.1290517712172292,4.296568127389351,8.037937835447602,1.3967384906663325
-0.5245202662797737,8.727302504846019,8.68332899281107,1.9452309333703814
0.48937456122791806,8.419335667918087,7.790686180420638,2.8638226195085177
-1.2221278088919454,1.8610141784627732,9.072978047766012,3.1835042381154888
0.7129984301723881,8.026433097957105,10.363872494619361,1.186158611429353
-0.24032539815813503,4.581868867378926,7.214013967365018,1.5355572485216595
-0.3748208075495975,4.829688720853552,6.618955396846225,2.2277328119613835
0.7109599682034915,1.3347997241594378,8.303818595604875,2.334288835020225
0.44426331148603976,0.8060151375712465,8.721562505126144,1.9310737669136857
-0.3609661658190799,7.279393069737652,7.769133626155231,4.35671263835618
1.159329803364248,4.964611523552998,9.453260663321034,2.315534857184621
-1.0810633275998973,4.3685070261517955,6.661394200276751,2.834332079858722
0.6159356069442637,7.295082286523967,8.692918623031611,2.0538215856901267
0.5931012579683838,7.6551289899110975,7.394139179241106,0.6862324912097071
-0.3095464393139903,1.5890816766935356,9.719377906207297,0.9758618462294399
0.326133022242118,6.102251494776413,9.992515353168118,0.5545471289014045
-1.251113576385303,1.3535408227768553,7.2333434122166524,3.4312422534737705
0.924027019206901,7.513750860290457,7.4504428640914195,0.3654221593252831
-0.18490213644298903,6.569551562671395,8.859587886979803,1.4865074830893257
-0.5227230205190395,9.56614621083458,7.612869350210485,1.240462740693423
1.0490092258368893,0.6895801635642118,7.954588782067762,1.213903799198248
-0.7043436905427592,0.5705472115125432,8.02538842054241,1.3024294954125102
-1.4084612963635597,2.8218707469320012,6.080326843802344,4.908852453720115
-1.5566291735239037,2.6170568373590597,7.986162253905762,0.2164573686316546
0.6060099513456396,2.469787990719998,7.310272225935826,3.9970975769570267
-1.280429352496283,9.062545805210366,7.506877177600228,1.3935212961228591
1.7547941819843647,2.495461998495061,9.443632003468814,3.040902598734544
-2.081929407883722,2.71949726128631,6.743493105720743,1.7718272781116906
1.6964563682900382,7.593982624179637,8.813205186747977,0.61263481823179
0.2110174672026184,4.4973984245054,7.721037069668191,4.255372371214595
-0.09671311187039239,7.767105569551812,7.720239831504165,3.8229357455250645
-0.5449190868089497,0.6536615756438524,8.790371896051711,0.657867528479661
0.39913611435207086,4.875711936733843,8.340051294568891,2.5597033574192047
-0.037634702424848364,0.3361360018328263,8.57061299721953,1.0152188344936477
1.1033018820165215,0.6265320345535452,8.968184660532861,0.38324289622645813
0.11422764866203965,9.06437453344411,7.668691616816678,0.8498345748168087
0.1503017614618776,1.3924537111759516,7.38776326549225,4.090113802171395
-0.36361221221385587,5.324206822752171,6.914849473442202,3.0924789873420986
-0.056945623721067457,4.110956026007066,7.174589470021045,1.314929926284492
0.3078017688920592,3.4734332625884266,10.949094425308726,4.10307058910736
-1.7101683926566256,8.998333456872725,9.244679580736786,3.627161975961486
-1.348185422105713,0.218233967754895,6.648925633791979,0.851042732160894
0.743264094022715,6.637896861755891,6.67754204325643,4.779932072684026
0.17086543812794186,9.633944342135504,8.481866061718492,1.2303553280027955
-0.18398333635267913,5.60168183461842,8.547264797377967,1.372568034584358
0.01843393306539316,9.368224620330919,8.548883835317364,0.22369814296739451
0.34758170536167105,0.5225787928602377,7.745044206446302,0.9988399162823058
-0.5397596803093615,4.187933190741614,7.8745457399970995,1.4956094667795397
-0.7783047254023127,2.6015779096205116,8.327879524159357,2.096266086903945
0.19584525509768155,7.3082096498072975,8.08589300629333,0.6146914278113329
-0.978372777615032,9.812970904972467,5.780699627252465,0.8862990674443605
0.40825275571447184,2.565300624442478,7.770200369424806,4.849497941480164
-1.7025836042378404,6.5417460147407445,7.148593565739686,3.465576970961648
1.0291556373256436,1.9809763275974013,8.175211418908512,3.906938170746854
0.472597482413043,5.653302545716099,10.98525900260341,1.5955110268091692
0.25602973431387566,4.639324866883362,8.367481665474305,2.1421471071319207
0.9826909839455139,9.72005329631537,7.686470313827602,2.6001194151091704
1.6654744444625766,6.085272726964666,8.921801501977253,4.802686079048621
1.0143700650181304,3.495063720868188,8.482687887209213,0.37425824321650625
-1.8408742313316453,1.1409578488793337,8.420094490451842,1.0865051603632208
-1.2795769667357015,1.5124682873493456,8.606850593215672,2.001246148032429
-0.6248185776956788,2.2531692995123507,10.056543564829541,1.7803253317675143
0.026091050210833786,2.50966661340298,6.869111564674085,0.8764029175969934
0.517659020469123,8.506160578411379,8.473632076811455,2.443024142833902
-0.7257438131534656,5.612227882825249,7.0736188700184615,1.1231840764226235
0.18676676447707832,5.233909113743664,8.555512646342248,1.683283292867611
-0.7553829323533225,1.1476887186921747,7.0813134885139055,2.3660346863288138
-0.6115178029919482,8.60139693349435,7.582633186394916,1.1680636778137097
-1.4066610968482223,7.228143032084837,7.704910085762093,2.915881932270837
-0.9232332461109043,0.6766836190000158,8.975816719344708,3.291918273796161
-1.3516846056163336,7.078350972297686,8.918454443942414,0.9061279346866619
-0.9758732529773327,5.4353821734264605,6.754282623553616,1.1164860172031639
1.0536417966078395,0.8172534574677826,8.054934110999849,0.704578017607721
-0.949398888831943,4.583006415286564,7.2904201452508275,1.6547039213802408
2.632382064837391,4.8469628713004695,6.7414950893246655,2.0952199269624745
0.4933179008808892,1.6577454016327575,7.782982949575629,1.2620441287065158
0.1848361236948739,9.456981470002823,7.6915172115441806,2.0524578948952774
-0.8583577801812136,8.49975371480662,10.426716486345523,1.0919197808374284
0.7003098794089914,6.690223373291083,8.432959825360696,1.1218470707024206
-0.5756378262377739,4.622955610006072,6.622382499245763,2.175154873261756
0.12200981464536144,4.1176554158450855,7.435225995829057,1.1845899227739778
2.5600845382687947,6.509734671509541,9.021383295429398,1.5864961631045325
-0.09605989972464987,5.4543186940690545,10.088442772869925,2.231638526791641
1.1492733262856758,0.6227310588188562,6.414016687762041,2.030587488100099
-0.7031764251258874,5.125026487703317,6.120075614860955,1.1049576160031054
-0.0349884904969617,8.064036172328395,9.870965175371783,3.5225352952723266
1.77080063563551,4.59239877596958,8.389614177370904,2.5181507538633103
-0.6269670577877674,0.5195657755426841,7.131707268123634,2.0014314056479066
1.8124485579969287,7.862781993840331,8.534629086122436,0.6182243574880163
0.7077519354554754,2.013637821359744,5.364252260983122,1.8134785783295615
-0.5624667758942676,2.5862083488803878,8.00337550659716,0.9818056582933875
0.632407739055521,1.647063534322959,8.327821172843086,2.3893267106533473
0.9725544496267299,3.302150648714975,8.92427013953783,0.030297836306947407
0.6218099622171964,7.56751505688635,6.986104047707462,1.3571525466148884
-1.5702247198904564,5.193858595039373,8.085687161403358,1.0640798313535174
-0.7271371758248686,2.048812741507126,7.074575373940412,2.9234336544472583
-0.24751863555150475,8.778300781520409,8.255383755674318,0.23424029373844174
-0.07443342910004629,8.795818549515293,7.104653677636976,1.7260884357399775
0.620672097550678,8.70578425046007,7.5918991608397794,2.4963825156340196
0.17770100093325383,2.3879621138153926,7.004184605209771,5.396246399225227
-1.3353443587101013,4.512393441809881,8.651136241823657,1.118867727111527
0.3801978510059632,9.849896561408752,8.858451116656665,2.121611970405872
0.6105857452838231,7.7201247630999035,7.765379430042586,0.25413778794668856
0.5597904479310398,0.2716742122555982,8.038237994960028,1.6594986591236889
1.0807807255546218,0.6520459126049205,6.551408585366456,3.69804260732566
0.8339221545489041,4.639313768123328,7.700323351993213,5.430706262465397
0.4591800792284367,9.092202058615602,7.949795382958255,2.269342903298697
-0.07016571145864703,5.387017979527142,10.620793091029975,0.3500140555507658
-1.6609609335159914,4.9781250803429025,6.888032974225837,4.100692678652053
0.42961821913258585,1.0547369995663058,9.464177238752438,0.35360553774174264
0.20768768716311115,6.5678010472429404,8.996858773465808,0.5606273176732381
0.27157883719537346,8.221031606002255,8.280636404490137,4.334895781294887
-1.2767485758203094,3.8042000750756233,9.758620484195134,1.5676975966587867
-1.0810565404082624,7.756118509253275,8.372105472606863,1.015221096835955
1.0531528533329035,9.644766539008117,8.38915919566793,2.7411771197836914
-0.03955515385665504,2.037664591276891,7.946879346982454,1.8878951147921872
0.6815006973726244,5.233296311947413,9.223568882418627,3.4760576360128326
0.028318376130461172,2.8713795808457556,9.096469233810884,1.9537004517624672
0.02975613949574519,7.9285441903383935,7.374322712503788,1.9871583401937152
0.9382838059759977,5.775933658811575,6.680752805401233,3.3926480381603974
-0.5160447282173739,6.345824175503037,7.797019362604343,1.5510559040713214
0.09612077694098337,7.979141596158941,7.199961435602353,0.7631997122828804
-0.4622752887050425,3.959704726624549,7.936475425384645,2.852053370645977
-0.4344962274323156,9.150900684070432,9.237438134684139,1.317669761608196
-0.30917212346863937,5.3302886724614,7.54269834491321,2.071126389342249
0.22213377163371284,1.57954822835348,7.957176618688425,0.18985327224199872
-0.4787486216634773,6.958991181688025,8.058022734808395,1.5018329016760321
1.2557561255735208,7.9326135043825445,8.848430882205285,1.0778426240305414
-0.8946073022195039,3.1676167706752665,5.753110666015395,0.1819956978767792
-0.18687164416135904,8.57179256998753,7.393299705234703,1.5393032771760233
-0.4397310582741749,9.061432547657663,8.211283692279473,1.5802575667567935
1.4469778843537329,2.769044873778089,9.20007895642686,2.18209221981646
0.19655477651157463,9.83521472715222,7.508097552493795,3.6561844944476714
1.0318445394686349,1.4071152804875842,6.123447293958126,3.2650130253823813
-1.485560373036972,2.0201566840249,8.619711445966136,1.1429245104972348
0.26705026586925884,1.8422483923802613,7.364637611174371,1.9180666918395939
0.889630795623437,8.939897100078705,6.810333340909638,2.413279271157822
0.08228398927542419,6.542925523249618,7.375654610286776,1.1705758766779366
1.0654803750653512,1.5210428322227287,7.81547464234415,0.3911292759342746
-0.5172884501003722,4.40323418368349,7.395255335461787,1.411761780703543
1.40934744018558,6.15298025069802,5.79443394290093,3.7600898660413615
2.2988981236192503,0.8346408498938329,8.897066196887133,0.37033384985901
-0.36283856043965906,8.824163684073387,9.274875041278722,0.6912762647423331
-0.4455025214007718,8.036035354415352,8.651521991339505,0.8386071092913372
1.453384477117701,5.052067735766382,6.862314329575184,0.6988665596320036
1.5795721457307124,9.671266152591704,7.798508466052482,2.7497106664642845
-0.5228600271532683,4.177609792750997,7.993478684770542,0.978444014054357
-0.42018681709585726,9.841103190364977,8.59879438956191,2.8014537895757585
-0.2817846088605072,6.67919998803627,8.66834048871808,1.724592033081297
-1.344450511034277,6.346712732539414,7.265826201221504,0.27617434276275127
-0.9186519464841982,1.65954895295785,8.08199555641356,1.1921289039901113
-1.0041407667520679,8.81927758304644,8.457280404615242,3.3318060282499613
-0.7677975651041284,4.2748968792061515,9.455822322146766,1.8741790187084717
-0.03468488738678118,1.6223340578247936,8.704506539824724,1.26884139269767
0.23421473253652075,0.1260751997575904,8.789056687375519,3.790539246170608
1.5505004928140769,5.597556836383825,8.08382662792936,0.6272853064872934
-0.998354040738791,5.2739962212267635,9.410459145203504,1.0099955356320574
0.9843223984765838,7.193536223691586,8.409762795959498,3.1205211064064784
-0.21398884422550896,8.902580530178021,7.138912089826429,2.7101281790783895
-0.04946370965243295,0.7940658464302952,9.40336997012519,0.576871320181782
0.6748194921666038,7.314964903403624,8.697903272539028,2.354981560314
-1.1227220215622986,1.8741194409758222,7.5569559788715175,0.9644390716711859
0.3824097461840506,8.581770531571639,7.520507032600757,0.1699986073100104
0.1664522082130561,8.19063513861656,8.296575545140762,1.2896224721939689
0.4924512640081491,5.407937549855443,8.463184795267585,5.6594942324974875
0.2891686439078181,7.102427986233115,8.197292265631207,3.371264350538621
2.4553001399108942,3.1435011318374837,8.311308673442884,1.6062562975464223
-0.637739984251316,4.7116789893281465,9.69995737457638,0.34488724120420994
-0.5309969550018176,8.216368977104716,9.071543152234886,0.17777517583839078
-0.6231405264247644,4.592651971732139,8.190635591265025,1.7287354204001912
-0.5554771191602547,3.577982653254418,8.941310580767484,2.244860619861934
-0.6373871273065177,4.942124472502999,6.967476096472461,2.7722039347128655
1.1890165311075518,8.282492524372184,8.397927049946809,2.552751856356644
1.4205042479898549,3.3520804737087273,9.80930634973311,2.7080900606908287
-0.5707462937494763,1.737615931357438,7.781954104607626,2.0498664970594715
-0.8323555731042287,7.120140203307807,7.152366071380915,3.7354330652536594
0.4714155563864041,8.259782127080818,7.3479111114069395,1.0760096693461734
-0.5522230442809712,1.0063747852353333,6.910366962657612,1.7088549888959368
0.6329318177555108,2.3987411275594472,7.215238091872297,0.27753418089992365
0.2029230208512997,1.419719897609939,7.629491901409971,1.0564461697298582
-1.515744114997232,3.4794141158216663,6.594432980821358,3.308348089248823
1.5475052013300616,4.503509789054126,8.015618333949604,2.6474993816795367
1.7958776730955217,7.4882633696330645,8.902277173786647,0.0970811986852609
-0.6127886904843862,6.511475848816741,7.0922438198530795,5.93728343539146
-0.38770155993598415,6.2092856747843115,9.519283923641769,1.8778589595150885
0.28586539072490497,3.523749466096544,8.510792088527595,1.9046312786267632
0.334456789987025,8.4144755308476,9.030580585624058,0.9989996533315451
0.6585442726728304,4.712871673981645,7.342165446147863,1.197243646838313
2.0102045387663496,9.791049380151545,8.854525227066615,1.8621191491521725
-0.1769472274940494,6.3414213829573685,6.908066099604687,2.5422291617938666
-0.7982972445384537,1.2626474156450274,8.890247500836509,2.1214324469518577
-1.3793192280145272,6.7617756207543405,8.17183933979353,1.069182496107621
-0.7309300399419191,3.25104015431699,8.553251219984784,0.7533469419141224
-0.033126972873797095,6.8632719668609745,6.824405394375148,0.7060670653847774
1.7945578635177877,0.6964114816240574,7.104930157723396,3.4859986171087294
-0.5176112990361714,1.7488143717595939,8.597228218253385,3.204125919639244
0.2237879516388985,8.557372589057863,7.051651995775799,2.378250311498466
-0.016422896072752075,2.271795570235149,8.463206292099123,3.4688688623558024
1.188393273448084,8.3704112524294,6.632862193539754,1.5102337860325339
2.5269324258736217,2.792760884544104,8.848174212666668,3.0164818460889795
-0.5308687729203206,6.428819100587076,6.767476685231491,2.46704419040665
-0.48943944251822213,6.9415057350983105,8.552299937679523,3.0729833771219646
1.044160877069072,5.126547531450529,8.625630933646,0.6396396725804216
0.6818914896263114,3.053106766967313,7.303228181570425,2.0284028209862255
1.8467073257360336,2.126443763710961,8.582026567084727,1.2535147660720418
0.5839281853259639,0.3318935456242622,8.260442263333555,0.1299627649471525
-0.35929209078705954,3.039464012407238,7.461158143807261,3.8694943923988134
0.5906548306923093,6.53162790531283,6.991445315923792,3.2102798519555815
1.1087035805829077,9.383048184484826,6.037374308327421,2.161146372055746
0.820482181197364,8.71204482263052,8.349650047299694,0.7970088230792378
0.5072740311072977,7.660647765353026,6.435197228637945,0.26259585447715716
1.066674689589154,7.884473432532987,8.095344199441309,0.12712768940834562
1.1692955904456728,6.649849034759953,7.736551783917751,1.0497462422198705
1.3821589910375272,2.60286857566003,8.679142775438196,2.736098690578059
0.6487098875896427,9.071950307058298,7.697954500510136,1.2644912360870242
-0.16711808031685435,6.707323119058341,7.6705522136529085,2.399318738002039
0.14671368643332283,5.6044063098044,8.731870704288296,2.4854967978961695
1.2065089665083568,1.1098946921348107,8.335058029084118,2.708107632385643
-0.8169356709872361,4.470555438064254,8.316155957182778,0.20824909781269318
0.3686733088729012,4.6035827120192625,8.469267589808526,0.8643206826713877
-0.3933388123273607,8.645636095226699,6.464427876792894,2.3675312363792953
0.028744822934817487,5.466482201877884,8.756788679986983,4.441814461444491
1.2784518626072987,3.8040054897040965,8.612468794013603,3.6350634831318924
0.19109906801990334,9.768003285106593,6.9833168714235025,2.0796135245607856
0.04643654815614881,1.1072059332631567,7.7559195263257985,3.8972846886324226
-1.3598561409799192,4.225484283119446,7.960692712372369,2.0678913926769615
0.7462535660272207,0.4202467517140529,7.865503215598268,0.35892334286646943
0.6454841811410754,7.3990412076693035,8.333859966568534,2.675801189745579
2.16325472330546,9.180765521991507,9.431366781831183,3.720233685602907
-0.30777823495300083,2.8003732955048943,9.081766727672829,5.375688382525136
0.21915032766393897,8.583416767991208,6.687780806568593,1.0244104544423014
0.24938368371075526,2.9221823046189774,8.622069990306048,0.5751397404756219
1.5774532797634744,9.107701616439153,9.328933319535409,3.022616077980308
-0.0952955323869521,7.5396190359678394,8.386808520689202,2.2661330790479592
0.27902152577033923,8.049067768414385,9.090980425185966,2.119682043912758
0.6078965097165392,0.180065556004545,10.012270445700764,3.9341668769747273
0.1866091231563581,9.62810357074026,9.023709546106982,3.014413098117929
-0.44643361455052827,7.266709920703232,8.249308595641729,2.422302600879873
0.19408999289830758,3.047510953861333,9.045088474084753,1.1393778033102908
1.073631749859772,8.29394664858847,8.144887833096892,2.8466078383295
-1.0265152994110602,2.8152119841492995,8.023903043284955,0.551274055451097
0.132969674146876,8.727538395661279,7.648585764286268,2.0635347141569804
-0.7001208149391732,1.1258039041193701,9.563413358832108,1.623251908479595
1.1950466289248425,7.036859774607958,7.181571334057999,0.33923688484405595
-1.5231869047837747,5.406984766449103,9.532367724678116,2.270919747571474
-0.5589218472715883,0.9653447019544081,8.499864123740371,1.0263674212263503
0.37721187506452086,2.41893828258839,6.600693825198059,2.231045959871676
1.5655240292343404,0.1240403627731479,8.367649292991421,0.7109069184389056
-0.0657502610729878,4.687679654645058,5.899973492348376,3.0353497556045617
-0.5551995266931984,3.0126526076000038,8.625508016831036,4.905411229091741
1.8811570694405901,5.983574842977588,8.88523148298899,0.5514800253970742
-1.448013900416244,2.972378077086172,7.407644044347946,0.710022495883427
-2.198805956620082,2.9991911150698467,8.123547695955581,0.4593660193372646
0.4400144500533324,7.431931987316034,9.954157433750286,1.405300023630928
-0.5020542243526112,0.4814283597835345,7.494253295738063,2.2060265791688964
-1.0212328171307132,9.028949951919872,6.9410924129434,2.726424481356845
0.7083564472993533,8.522638743911815,9.4816634024626,2.0336318176638626
0.24380071377119883,6.678046832264065,9.962587190530794,2.668217070586182
-0.5640786307367284,5.932215701073843,8.003695671847847,1.5785028064149613
-1.2803043986708944,8.923024981396523,9.011463035408356,1.015945032124362
0.8724573282801447,1.8533017952871444,9.34147591553088,0.7271020808402173
0.650201177958661,0.7896916219082861,7.257515767461616,1.4473656931696552
-0.09917586377938291,2.395101699095381,7.5146941646321315,0.7441541156088909
1.8466369960476658,7.945782787001903,9.230874513154735,2.1580338710105593
-1.0700847663261526,0.34670266726483323,9.68501427870851,0.7555094439905312
-1.5255251709247388,5.828068350834896,8.562880860174355,1.112999238920197
-0.6919080698812444,9.954375161913099,7.120185646497946,3.473928745624899
-0.045586016355497805,8.556960938375394,9.987061111699441,3.7015916782298506
0.24333944932269183,5.214456890435894,7.469029102188036,3.623397207776893
-0.24123605785632987,0.6364090928664234,7.6648622188285485,1.5990418943115192
0.3520553965142968,8.313735143857098,8.342337834489621,1.0517471658910524
-1.251539424190444,5.989785081772105,9.554160420714775,2.400452249710125
1.4437646040732595,1.1493299705956683,8.853975976552224,0.7703515596640106
-0.0821511783925688,0.938572848233562,8.41486550036191,2.8206670655107713
1.1172958315881276,9.096268194365924,8.463288530118106,0.9716147850638556
0.34272534637770413,6.692002629380784,8.043514668643466,1.3997782498565612
0.4567532191537839,8.292867993167555,8.558139514518507,2.8644981120689885
0.5697672802322039,8.789789002822673,5.470439922305697,0.24784416935837167
0.44770856001731496,5.717723520483222,7.703392540930202,1.0080251022279683
0.6427227598675439,5.174463517550413,8.241321934916781,2.1917494459806144
1.3291525301324314,4.304274103209902,6.848985916380493,2.5405440541342514
0.19652116970147013,3.169465877911193,8.38632331781156,2.2548535661921294
0.7090037575885123,4.345959608587117,7.795528779013878,1.3858010070158258
-0.08973569428722672,7.738796557301564,9.75547569831549,3.0664950655498147
1.4401172154494728,6.019234310151315,9.573019725214856,0.7046431727150562
-0.6763923020592697,8.925232899548462,7.534194430881837,0.6763453546772752
1.8009404329108156,4.433800143791878,7.8491622884333045,2.1762163771256025
-0.04015795064434341,6.07089578718754,7.9260524343916074,0.6316614427909777
-1.4307751021180481,6.313075530919887,7.548340523840377,5.016709247913113
0.12810441491078928,5.916971623063255,8.195024984028127,1.0331856522530367
-0.6810516574748808,7.026337730855163,7.24171793111241,3.027205657535334
0.8406435489887241,2.374334683748063,6.869384665062474,0.5301484936987545
-0.6526239793023909,5.123637775457906,8.622711223900268,4.332069547355088
-0.4461834332147797,1.0422480280834767,8.62952958422181,1.6850001043577076
-1.889540730945531,3.8451132764481253,7.195684240340007,1.009185457080527
-0.4523063192490767,4.876670686212644,8.8953554307626,1.3094929609745263
-2.4238793266289567,6.522242595454725,7.368422270834668,0.8743570278837125
-1.5839028234857233,9.505310525862035,8.253165238037981,1.3967117133664084
0.7604146561442974,6.0065106654835585,8.820344012612455,0.5621882779102843
0.7858001586508322,7.435939161765598,7.966387435296287,1.0371758941849425
0.42545756178496474,5.062660594952027,8.454740912141135,2.987308058465673
-0.966976143129213,6.341040313763314,7.483570356112429,1.9519809675652144
-0.047711356141979855,0.7093221613377343,7.803533416571903,0.6913629560117658
-0.0036025390905684044,2.54391580841847,7.7941405691196595,1.4352450147499207
-1.1583646891925428,3.618530932051387,7.253421653459761,3.7302005495538646
1.5033983017671506,4.724933550065136,7.823225836884218,1.140894237828835
0.8773622905756714,0.45648745502383736,6.4513817011362535,0.6251588635503698
-0.22096417382966393,1.4002409755331768,7.508846252857896,2.4752329013019776
0.02688583899453078,2.7681430779130576,7.715124506630329,0.14129939125420843
0.20838280794755248,9.715326909010507,7.74382024750462,1.3334221602397174
-2.0417348684242906,3.3134700710305074,7.758502554129221,3.951258547622955
-0.24717738252059693,4.820410581120825,7.938235800139871,1.4031201910427213
-0.6819842479977986,1.9609771273839294,8.479441518086064,3.1935367001419337
-1.0016200098949155,6.107800710757683,8.874517074132523,0.6169368157170384
-0.2811002928859549,2.806832155159743,7.350234773151733,1.360154447920973
1.7976865268495226,2.0699257843842678,6.796799144610856,1.2595940865631932
0.6408428612670098,5.16572628445979,6.9579555877568975,2.3814413788264126
-0.5711789897827968,0.05505799160420821,7.512797078805073,1.755788789419122
0.5725827813561586,0.07664032649225327,7.648078682183491,4.307289914526151
