Edad,Ingresos (USDx1000)
37,140.7
59,191.2
65,175.5
62,177.9
56,170.4
54,74.5
69,152.0
53,195.4
63,184.4
64,185.9
61,125.7
44,146.9
52,146.2
51,136.7
64,136.5
45,173.4
65,171.4
65,136.5
53,164.4
61,165.5
69,46.1
67,54.0
63,133.9
55,152.7
31,183.9
49,153.6
60,155.1
52,98.9
51,194.5
23,86.5
61,146.5
35,90.3
46,141.3
48,146.9
69,167.7
51,190.5
48,132.6
64,96.8
53,187.3
64,178.5
58,158.4
60,55.6
59,137.0
47,121.4
60,172.5
62,47.5
27,186.1
38,73.6
33,147.3
41,163.8
64,170.2
64,142.2
47,195.3
49,195.3
66,186.8
65,176.7
47,191.0
52,138.6
48,165.7
68,182.7
22,100.2
51,132.9
32,109.2
23,78.6
58,175.5
39,130.5
45,166.2
24,114.2
65,128.1
38,51.0
65,157.3
69,122.7
65,198.0
60,27.8
28,106.0
59,134.2
54,181.9
55,191.8
61,174.4
46,166.1
58,170.4
34,47.5
36,87.6
23,173.5
51,134.0
52,140.7
64,82.3
59,158.0
56,38.8
66,199.2
49,166.1
68,139.2
33,89.8
68,154.8
51,193.9
46,165.3
21,35.4
59,24.6
60,197.5
61,145.9
49,184.2
52,34.9
68,166.5
64,198.7
48,150.9
62,185.9
50,162.9
48,167.6
62,157.3
46,125.1
58,152.0
63,125.6
42,143.8
65,108.8
51,178.8
62,128.7
48,107.2
52,149.2
49,125.8
56,199.6
66,157.8
51,149.4
63,158.9
59,178.2
35,139.1
35,129.8
49,39.4
46,195.1
66,183.9
65,184.3
59,131.3
21,198.5
47,140.5
47,177.9
53,149.5
53,156.3
45,169.9
47,158.3
31,36.2
66,185.5
62,178.4
38,112.1
47,149.2
21,91.1
61,128.9
61,128.5
55,197.6
40,60.1
45,143.6
60,187.2
63,151.1
47,176.0
54,153.5
55,135.8
25,44.8
64,147.2
56,173.6
31,162.5
67,165.2
63,137.4
52,174.9
60,194.2
69,129.7
46,118.5
45,180.5
55,173.1
60,171.6
29,155.5
46,164.5
47,126.0
51,77.2
60,145.9
54,195.9
53,154.1
50,153.5
50,187.9
66,159.9
60,151.8
30,191.8
47,126.8
49,198.1
49,165.3
57,129.7
54,185.7
36,82.9
63,164.9
43,64.6
65,104.2
41,169.7
68,175.4
68,44.3
38,91.2
63,146.5
49,193.2
64,134.8
49,180.0
48,174.7
53,174.8
19,153.0
27,107.8
52,135.1
42,180.7
58,131.8
22,25.5
51,195.2
62,158.6
68,86.4
40,101.8
22,134.2
63,160.9
63,185.5
62,140.4
61,111.9
59,198.5
50,68.9
61,136.6
57,186.2
57,189.0
54,169.0
52,70.6
50,133.1
58,178.7
49,138.2
60,164.2
30,97.9
61,137.2
49,150.6
61,192.4
32,188.3
59,125.7
42,53.2
33,153.2
22,48.5
53,174.7
62,137.5
18,94.7
43,196.1
67,138.3
57,188.9
64,171.8
67,168.1
56,193.4
62,127.4
42,111.0
57,39.3
56,150.3
55,162.3
63,132.9
67,140.7
46,175.3
58,57.0
56,151.4
60,152.9
43,91.7
60,107.9
36,25.7
68,190.8
62,159.1
69,187.5
60,148.7
54,146.8
61,133.2
21,111.8
60,144.5
68,198.8
54,170.7
61,134.7
42,189.6
54,126.0
49,163.3
67,136.6
67,196.8
65,156.7
54,177.4
46,169.4
26,159.4
28,122.7
64,143.6
58,141.0
24,130.6
57,154.6
69,167.1
49,198.1
50,152.1
62,127.6
46,148.9
52,131.5
55,50.1
48,39.3
47,197.7
56,131.0
50,27.5
27,148.7
58,163.1
68,142.9
49,143.0
69,181.5
64,179.9
46,194.0
55,188.7
50,100.3
60,128.6
34,125.7
24,197.4
26,139.1
51,138.0
22,162.3
58,158.6
40,115.4
67,158.4
53,172.3
24,55.3
49,86.0
47,174.9
47,146.5
52,146.7
63,197.7
67,138.1
62,194.0
50,190.5
55,177.7
59,61.3
45,182.5
32,173.8
63,145.4
65,166.9
60,140.8
46,158.5
57,163.1
58,168.1
33,116.7
46,185.1
63,184.6
62,67.3
68,175.3
53,189.6
63,158.8
69,198.2
58,162.0
61,147.2
54,147.9
61,190.5
65,156.2
65,171.7
49,193.0
56,127.9
69,150.6
67,199.1
65,192.5
64,182.5
63,44.6
59,173.0
48,168.7
36,42.4
49,184.0
64,194.0
35,32.7
64,176.4
43,95.0
56,118.6
64,158.2
68,175.5
48,168.1
32,28.8
25,189.6
59,102.9
48,126.8
48,120.3
64,87.8
59,164.6
58,136.0
35,90.1
48,109.8
52,144.1
38,176.0
54,160.2
58,144.9
25,112.5
53,192.3
55,151.1
36,53.6
52,198.7
68,191.3
59,191.6
45,167.5
50,53.7
51,129.1
23,86.2
68,93.1
67,133.7
50,158.8
52,153.6
69,129.7
52,140.1
58,170.0
60,196.9
50,147.3
54,197.4
56,163.7
50,192.2
48,149.3
28,106.8
69,131.0
55,172.3
67,37.8
55,187.5
35,69.8
49,156.7
32,101.5
63,161.4
55,186.9
67,69.1
61,125.9
43,50.3
59,129.5
54,45.2
31,112.5
66,178.7
58,192.6
57,185.9
63,117.0
21,119.8
50,195.3
49,167.8
31,49.4
68,198.1
59,160.2
53,197.1
53,150.3
44,119.0
38,88.0
65,134.1
57,38.3
53,147.2
61,198.8
58,184.2
47,163.2
66,183.0
29,136.2
58,137.8
66,153.7
49,179.4
61,100.9
55,47.4
66,135.7
32,25.1
56,191.6
59,124.0
53,136.8
49,182.0
38,60.4
51,180.4
60,131.2
26,95.5
69,60.7
69,179.3
51,134.3
44,60.3
65,179.0
29,131.1
51,166.2
57,132.5
46,140.2
55,184.0
69,104.6
56,90.9
64,182.1
50,148.8
52,182.4
58,52.5
61,176.1
42,111.9
67,159.2
43,123.8
27,196.3
45,129.5
52,139.2
68,186.7
68,153.6
54,42.2
48,76.9
57,70.8
51,192.6
63,143.4
55,40.0
59,135.9
53,131.5
58,165.7
31,115.2
67,83.6
34,185.0
56,156.0
38,150.6
67,162.2
52,198.4
53,51.6
48,134.3
58,131.2
61,155.2
65,163.9
49,135.7
64,184.3
34,183.6
60,168.7
55,165.9
50,150.3
62,162.2
35,87.3
42,56.1
53,186.5
53,188.3
66,194.5
37,158.2
59,178.8
32,49.0
36,169.3
57,179.9
51,131.8
43,96.1
59,180.9
68,189.2
69,157.5
47,197.6
66,177.2
34,61.8
67,199.3
24,84.1
54,26.8
67,133.7
63,172.0
52,189.9
68,164.0
64,68.4
54,188.7
51,166.4
46,171.4
63,175.7
50,148.4
61,71.4
50,174.6
59,169.3
57,190.7
24,85.4
33,63.3
46,51.9
49,73.1
60,158.1
42,37.5
48,142.3
69,87.2
50,162.0
63,177.1
40,118.7
69,173.4
59,179.4
53,186.8
53,146.3
21,177.3
67,43.5
50,177.1
60,136.6
60,139.1
53,164.5
46,103.7
50,149.4
59,198.9
68,184.0
62,160.3
24,23.2
67,147.1
23,81.6
60,198.5
51,187.3
48,149.3
60,154.7
44,60.8
66,166.6
61,184.3
58,165.8
65,199.1
47,185.6
60,158.9
20,38.6
56,183.3
64,83.5
45,159.8
46,173.3
69,154.3
63,165.5
44,37.0
45,128.7
57,143.1
50,129.9
67,193.9
43,126.5
64,123.2
20,152.8
49,161.8
69,128.5
52,69.0
65,169.6
51,130.8
42,152.2
66,83.9
20,199.6
62,169.4
57,130.5
47,34.1
38,34.6
65,94.9
52,183.5
57,141.2
49,190.1
42,64.6
49,150.3
50,151.0
60,131.9
69,186.3
57,144.6
22,87.3
52,95.7
60,175.2
56,114.1
64,59.7
48,199.1
67,172.0
59,181.8
69,192.8
59,177.4
50,177.6
26,171.9
56,134.8
56,165.1
69,138.6
54,125.4
65,155.5
49,164.6
63,151.8
41,162.0
48,138.1
62,166.7
22,55.4
63,144.2
20,130.1
47,185.8
43,32.6
19,137.8
66,164.1
37,99.6
40,89.4
28,88.6
49,148.1
49,157.4
46,192.2
45,185.5
27,172.1
45,159.0
46,189.5
26,111.6
59,187.9
26,53.1
42,67.0
55,134.7
45,53.4
22,193.1
49,177.8
50,138.3
25,172.7
65,169.9
68,138.1
47,160.0
45,179.6
66,194.4
56,126.9
53,60.5
56,180.1
52,159.5
47,127.3
56,180.4
51,174.3
30,98.2
52,158.8
47,190.5
65,171.0
23,47.9
55,161.8
68,186.4
39,154.8
50,188.1
67,183.8
52,152.3
63,142.6
62,163.9
51,131.6
44,171.8
37,196.9
41,183.1
69,143.7
58,135.9
50,190.9
58,181.0
57,192.1
53,125.8
47,55.3
68,83.7
46,23.5
46,126.1
30,45.5
39,104.3
63,172.9
64,153.0
65,142.9
69,168.9
49,175.4
59,152.4
68,152.3
49,151.8
67,186.5
38,66.9
55,77.0
51,135.9
54,85.0
49,154.8
53,130.6
59,126.1
57,189.0
49,152.4
46,164.5
48,196.0
55,150.2
46,199.3
61,153.5
69,157.9
54,147.4
48,38.5
38,54.5
18,114.5
35,133.5
51,130.4
67,161.7
47,168.0
34,98.3
60,71.7
57,149.7
22,158.9
48,50.9
66,130.4
60,170.1
67,192.5
62,179.2
39,141.3
69,144.6
56,132.5
42,111.2
57,194.9
56,137.9
58,138.2
48,199.3
63,134.6
53,195.0
32,69.3
69,130.8
42,148.8
66,155.4
37,166.7
52,99.7
64,158.6
26,93.5
30,66.8
22,153.5
56,132.4
66,58.1
46,147.3
26,157.0
21,157.7
59,148.3
64,195.0
61,165.9
20,118.7
31,86.1
65,150.9
51,67.4
48,177.6
54,197.4
45,182.1
54,191.8
45,131.1
48,87.6
27,49.6
55,148.9
69,138.2
47,172.4
43,63.7
46,168.3
24,49.0
65,159.5
64,193.2
27,142.6
64,147.6
55,163.5
61,180.5
30,53.5
66,163.5
47,184.8
24,145.5
47,194.1
60,136.4
48,129.0
34,76.9
69,127.1
38,139.3
49,154.9
54,191.4
42,166.7
62,190.6
55,136.1
62,175.7
58,179.0
52,25.8
68,191.3
35,141.4
54,189.4
64,136.5
61,145.3
61,197.4
68,143.0
31,170.4
64,153.3
49,163.4
46,67.2
51,148.0
65,85.6
62,22.6
61,147.6
40,56.6
60,53.3
68,197.8
52,141.0
68,183.6
19,33.4
65,131.1
56,198.2
31,199.4
64,150.2
21,186.6
60,38.0
50,186.1
52,188.2
48,167.8
24,42.0
56,142.8
40,149.7
56,31.2
18,124.8
26,186.2
56,142.7
42,161.7
56,183.8
59,129.8
57,133.1
53,185.3
45,168.7
63,197.6
47,196.8
45,191.4
53,130.4
65,134.8
48,68.5
51,100.2
63,46.0
65,170.4
46,127.8
68,151.3
45,163.1
25,99.2
56,105.4
30,184.9
66,197.1
42,162.6
68,113.3
53,114.0
47,153.6
55,151.7
56,195.2
53,118.1
45,137.9
53,130.4
55,155.1
20,135.6
59,126.9
52,95.0
52,155.5
45,182.0
22,56.3
59,177.8
66,171.9
61,142.6
61,158.5
62,141.5
64,180.6
68,175.2
41,163.1
60,189.1
60,20.3
43,102.9
69,126.3
33,140.8
52,188.8
50,196.9
48,155.4
27,123.8
42,70.7
58,180.2
50,168.5
56,194.2
25,116.9
59,190.3
57,175.4
46,199.3
67,51.4
56,191.2
50,189.7
46,127.7
61,180.7
52,150.3
47,150.8
51,189.7
65,187.6
47,191.1
40,116.0
59,162.1
67,170.6
41,116.8
62,166.7
53,189.6
38,67.9
36,31.1
62,147.0
69,135.4
32,134.0
54,167.5
53,147.1
46,145.8
57,163.3
47,190.1
50,187.2
48,128.3
38,184.5
57,134.1
62,153.6
56,193.0
51,140.2
30,21.5
26,115.4
50,133.9
62,164.1
61,198.1
57,96.6
42,111.1
41,95.8
55,134.9
35,108.5
46,194.2
51,136.8
18,42.8
20,143.5
47,199.1
64,157.6
30,154.0
45,38.0
38,47.0
64,104.2
26,55.4
56,125.9
66,143.4
24,115.0
51,130.5
49,189.7
36,147.7
69,175.3
49,125.1
54,75.3
54,178.2
26,39.3
52,149.6
56,24.9
58,89.9
69,22.5
46,181.8
63,127.6
46,168.2
64,83.5
47,70.1
67,71.4
67,177.6
51,177.1
69,139.3
48,188.3
30,81.0
29,71.5
18,132.7
27,136.8
57,193.6
61,65.8
38,142.7
22,40.4
67,31.1
67,134.6
18,171.6
61,168.2
38,67.6
51,104.4
51,35.3
33,22.4
51,195.4
61,87.4
32,129.9
39,168.7
31,53.7
35,118.6
42,75.9
35,139.5
33,88.2
63,198.6
67,156.7
20,24.9
35,124.8
47,103.5
27,60.1
56,103.8
67,176.0
53,158.7
34,185.9
67,64.2
56,148.3
22,44.0
49,129.9
23,35.5
57,81.1
39,71.3
55,61.8
42,177.7
28,97.2
50,146.2
52,54.0
19,167.2
46,146.9
56,23.3
44,187.6
26,55.1
57,146.7
52,99.3
35,98.4
48,65.7
28,23.6
39,116.8
18,174.5
20,114.6
34,89.7
50,94.4
57,33.2
43,142.7
25,99.7
52,98.8
30,83.2
34,113.4
58,108.4
36,160.8
47,145.5
52,106.1
31,127.9
41,110.6
68,30.7
69,27.4
30,158.1
54,173.8
19,24.2
24,163.3
22,188.0
19,168.8
20,136.2
32,65.5
41,105.9
62,73.6
37,161.4
65,65.1
45,26.4
56,55.4
19,43.2
25,34.6
32,91.2
19,134.2
66,168.5
27,182.2
67,124.6
40,155.2
30,154.7
18,55.4
24,138.4
58,34.4
19,47.3
53,169.9
55,117.9
37,169.6
24,86.0
55,118.3
54,67.6
29,172.7
25,143.7
31,41.7
39,46.8
23,50.9
66,117.1
36,74.3
48,90.5
51,122.6
68,118.9
38,162.5
69,154.8
33,22.4
39,185.9
46,186.6
54,130.3
59,167.6
29,117.7
57,108.7
54,25.5
55,197.1
62,172.4
27,60.8
38,167.3
64,120.6
28,156.4
59,156.5
42,53.5
28,133.7
29,170.6
57,123.4
68,95.3
64,125.8
24,188.4
48,199.1
40,93.2
18,111.1
60,173.0
57,148.4
18,107.4
61,87.0
40,64.8
57,90.1
35,165.4
46,150.7
59,45.5
62,179.7
61,180.7
37,37.6
63,195.0
42,25.9
46,64.1
28,79.9
40,115.9
45,56.6
54,39.7
60,125.5
36,133.4
64,170.6
20,103.8
37,77.8
58,41.8
51,169.9
22,164.7
42,129.7
19,174.6
32,155.8
23,42.8
62,39.0
57,70.2
55,172.2
22,62.2
34,29.3
27,153.1
30,56.8
19,185.3
67,29.8
43,152.4
65,75.7
24,115.0
23,96.9
22,98.2
21,143.5
64,81.7
24,127.3
38,158.4
18,146.6
36,90.7
57,188.3
47,56.8
62,77.4
69,75.2
26,120.3
63,28.4
52,141.5
61,91.8
58,42.3
39,88.3
31,132.7
43,157.1
20,42.7
66,22.7
50,145.6
22,136.4
49,185.4
20,64.4
65,34.4
25,155.3
19,163.2
24,141.3
50,75.7
27,25.6
23,197.1
66,82.5
38,154.5
45,67.5
22,158.5
42,34.9
25,131.4
58,130.2
52,50.6
36,74.2
49,137.0
27,94.2
18,72.9
45,141.8
21,53.2
39,46.3
43,126.5
38,92.5
60,72.6
54,143.5
37,164.9
42,184.6
57,78.1
60,188.7
60,80.2
58,181.0
59,117.4
57,80.5
56,190.9
24,167.5
56,76.9
31,123.9
62,137.8
62,150.5
68,79.1
49,83.8
43,106.3
64,35.4
42,196.9
48,88.6
50,67.7
18,77.9
34,190.1
33,36.2
48,65.5
20,187.5
45,124.8
18,165.4
36,167.7
51,99.1
49,103.7
18,79.5
53,114.9
29,25.8
26,41.3
55,178.0
18,89.6
35,111.4
64,178.0
23,55.7
62,48.0
30,173.8
48,71.4
20,145.8
48,193.6
45,190.8
28,124.7
26,130.8
19,53.4
68,195.4
42,45.0
54,154.1
65,124.9
40,54.4
45,49.2
52,181.3
45,83.8
28,54.3
40,41.6
63,82.2
43,150.0
26,84.8
36,161.8
60,102.3
36,167.1
28,34.0
39,142.2
43,174.7
51,103.1
37,88.4
53,108.5
44,43.4
34,175.7
34,95.7
34,133.9
41,39.8
24,86.1
43,30.4
50,124.2
62,100.3
22,85.1
40,26.5
41,150.3
46,72.9
28,196.5
28,22.3
64,137.2
29,157.5
18,164.5
61,34.3
30,175.1
50,145.9
41,52.5
50,151.6
23,104.3
47,21.2
20,195.8
18,56.2
31,65.6
45,163.2
47,157.0
37,117.1
63,142.1
57,80.2
43,192.2
65,150.1
51,43.1
41,191.7
29,168.1
33,162.6
18,163.7
29,134.5
42,109.7
60,21.9
42,174.3
41,56.2
46,139.4
37,183.5
56,90.9
58,76.0
37,79.0
62,74.5
24,43.2
27,154.6
62,160.7
39,36.0
65,194.7
61,102.6
32,144.8
26,29.8
22,127.2
46,168.4
48,40.3
18,171.8
47,59.4
55,45.1
54,188.5
63,25.5
28,66.4
41,95.2
66,139.6
61,165.1
35,179.3
24,113.1
41,53.6
46,41.2
69,159.5
46,66.7
39,119.3
64,146.7
26,28.7
21,139.2
67,83.3
45,137.0
18,152.5
25,95.0
52,37.6
67,21.0
23,38.5
58,47.5
51,95.8
45,170.4
38,187.5
68,111.7
52,97.1
29,38.2
21,169.9
45,148.6
48,128.1
25,196.0
43,71.8
20,54.9
21,47.4
29,184.1
65,150.3
41,149.4
23,94.0
63,118.3
48,146.3
64,21.3
55,49.9
68,48.5
49,39.0
54,138.7
36,59.0
65,93.2
42,128.5
48,60.6
37,83.4
30,75.9
37,91.6
39,49.2
40,64.3
38,70.4
29,102.0
36,128.7
32,53.6
21,148.5
41,127.2
50,74.6
56,162.3
63,54.0
68,190.0
37,132.3
59,24.8
40,67.0
53,81.1
64,165.5
46,94.5
39,192.6
62,96.1
69,74.2
32,25.7
27,38.9
62,64.8
47,144.8
49,165.6
50,117.5
56,134.1
66,193.3
23,102.8
61,77.9
24,136.1
23,156.1
64,28.8
63,114.2
39,114.3
37,187.3
67,121.8
40,134.8
69,153.7
68,106.2
35,153.7
49,130.4
45,39.2
39,51.6
42,197.6
44,134.2
69,88.2
57,104.8
64,134.8
64,169.3
31,113.0
46,122.9
39,168.6
31,170.7
58,153.3
65,116.0
39,104.7
52,73.5
47,118.0
42,182.0
57,167.2
21,168.9
28,184.6
33,184.1
31,114.3
54,160.4
61,119.5
59,91.6
42,83.1
33,176.8
41,24.6
68,112.4
56,36.7
37,158.3
30,192.3
64,161.3
41,24.2
44,69.3
43,98.7
64,195.9
47,89.1
44,135.6
58,76.5
34,111.5
61,144.4
25,187.4
69,22.7
30,41.7
52,147.7
21,23.8
64,74.3
28,108.8
26,178.5
55,143.9
27,186.8
32,160.5
68,139.7
36,170.3
50,189.3
69,178.9
64,80.7
20,181.8
49,139.0
64,197.6
18,134.0
26,106.3
57,154.4
51,162.9
51,162.0
53,108.9
34,105.4
66,107.4
67,122.0
38,186.8
65,122.0
21,28.0
35,96.9
50,63.9
33,79.4
59,96.1
47,178.5
23,126.2
64,32.7
48,101.8
37,151.1
24,194.0
25,192.1
68,79.6
52,45.2
49,127.4
31,89.3
52,63.0
59,60.7
26,128.1
29,154.0
69,121.4
33,199.8
35,52.8
45,75.5
22,145.3
68,184.2
32,96.4
48,101.2
58,32.6
18,179.4
60,149.0
34,64.1
63,136.4
64,123.3
36,68.7
54,24.6
46,104.2
25,49.9
36,35.2
20,113.1
24,196.1
42,172.7
32,27.4
59,195.9
22,70.5
43,172.1
52,52.0
60,20.6
41,167.8
30,120.3
41,177.3
22,179.4
59,104.5
48,51.8
58,28.0
35,122.6
50,121.1
49,166.0
56,23.2
23,27.9
21,78.2
61,149.6
66,150.5
43,130.7
26,130.6
60,165.7
34,60.3
46,47.9
25,129.5
27,85.5
37,30.5
23,70.0
56,104.1
40,185.9
33,110.8
23,125.4
50,182.8
50,49.7
67,176.4
21,190.6
19,30.5
29,63.3
35,163.6
40,170.8
36,48.1
19,70.9
44,124.7
60,122.7
36,37.4
54,23.8
62,51.7
22,140.2
57,97.2
30,63.5
19,124.2
66,52.7
67,123.0
40,34.5
38,115.2
23,182.4
33,161.6
40,148.0
18,75.7
35,34.0
37,189.2
58,103.8
47,70.8
30,127.2
58,104.3
32,88.4
66,95.7
38,64.7
58,65.0
19,168.4
18,36.0
67,134.9
36,154.9
26,22.5
29,177.2
52,122.0
38,191.1
37,100.4
64,143.7
65,130.0
19,181.2
25,20.4
59,69.7
46,198.0
69,59.6
34,151.8
52,54.3
53,109.1
35,85.8
57,130.4
62,27.1
31,45.1
27,79.3
63,50.2
69,113.5
68,113.9
44,193.3
45,146.7
34,54.3
63,165.0
24,46.4
43,161.4
46,176.5
36,177.7
32,192.0
19,90.0
37,44.2
38,25.6
35,166.9
18,130.1
32,98.8
38,98.3
32,197.2
51,58.9
57,196.0
28,68.1
31,27.9
61,40.9
37,91.3
23,112.1
35,101.3
60,56.5
54,41.1
38,74.8
66,146.8
26,97.7
29,65.9
59,190.6
28,68.7
64,167.4
42,107.1
40,43.7
63,48.3
26,107.6
58,78.0
52,41.0
48,108.5
45,32.6
27,186.4
46,89.5
47,126.3
20,146.0
24,161.1
27,50.8
58,97.7
60,131.6
67,25.5
37,80.5
29,43.2
48,70.8
51,142.8
25,165.1
69,173.5
62,62.8
19,171.8
34,39.7
39,131.8
31,56.6
45,81.6
18,169.9
60,134.5
51,24.9
38,37.0
44,119.8
32,102.2
52,107.8
59,106.6
33,133.7
48,191.3
41,90.8
52,65.6
20,21.6
42,21.6
27,125.8
22,60.2
68,92.5
28,40.3
20,74.6
56,39.8
55,78.3
58,30.2
56,79.7
62,49.9
36,28.6
26,181.8
35,89.1
42,23.4
38,124.8
45,109.7
65,36.0
24,66.7
21,32.1
25,155.2
28,76.9
48,118.4
27,72.8
38,81.4
49,40.5
68,107.1
39,72.5
34,138.7
24,145.6
69,68.4
58,85.7
53,194.1
56,54.4
22,32.6
25,75.0
36,131.3
44,158.6
38,147.9
20,174.2
28,37.0
55,59.7
34,57.9
39,159.1
66,25.7
67,108.8
42,27.9
40,151.9
67,70.2
31,111.1
55,46.6
34,198.7
29,152.3
51,129.3
23,140.6
61,23.3
46,184.7
31,24.6
30,184.1
36,21.2
66,148.0
26,27.0
23,104.9
48,117.2
48,154.8
19,40.8
65,136.2
32,170.3
63,112.0
41,120.5
33,48.6
40,63.1
51,176.8
29,156.4
56,195.0
69,188.1
35,196.9
60,196.9
18,55.2
65,111.5
20,194.4
66,178.9
44,127.5
51,125.4
59,51.7
58,169.6
51,68.0
44,82.6
36,171.9
27,178.4
22,129.2
27,64.1
50,40.7
64,139.4
43,63.1
18,44.5
64,136.1
27,178.9
29,95.7
53,191.3
56,191.2
68,60.6
65,30.8
18,30.7
25,197.4
33,174.9
40,117.7
34,107.5
20,40.6
24,128.5
51,57.2
48,73.4
48,86.5
40,72.7
50,159.2
38,153.9
47,167.3
26,53.6
18,30.3
35,57.6
24,91.5
50,191.5
23,89.1
59,48.3
41,82.9
37,192.7
54,68.1
43,180.3
47,199.2
60,88.4
18,161.8
44,30.6
62,198.2
39,20.3
59,31.0
37,114.2
35,96.1
61,28.7
53,44.0
24,136.5
30,149.2
44,153.7
31,58.4
29,105.0
69,154.0
69,95.8
30,176.5
48,85.4
30,30.7
60,64.3
47,136.9
40,179.0
65,144.8
34,96.1
66,175.4
68,115.7
56,123.7
26,62.9
24,67.8
29,145.6
53,55.8
23,126.3
66,114.1
40,174.6
39,180.4
43,99.4
53,98.6
22,165.1
59,104.1
26,108.8
58,177.9
32,111.0
26,71.3
59,165.0
49,155.5
47,88.2
50,85.1
33,173.3
37,164.5
64,112.3
37,101.4
22,47.0
18,130.2
69,81.8
65,143.6
57,144.9
48,130.1
66,136.3
38,182.2
53,157.3
34,98.6
36,24.9
58,74.9
28,146.4
69,78.7
50,116.4
36,98.8
66,173.0
27,63.7
42,179.3
61,71.8
65,155.1
18,27.8
44,126.2
54,54.9
64,196.9
28,171.6
55,51.4
51,20.1
50,149.7
64,181.8
31,138.0
21,149.4
48,56.1
56,189.0
57,94.8
53,50.2
40,151.6
18,22.2
39,136.5
42,182.1
33,171.5
29,189.1
31,98.2
42,120.5
63,151.2
46,156.6
39,185.6
58,189.8
40,123.3
60,30.4
34,163.0
34,112.7
57,52.1
25,82.0
56,192.4
57,31.7
27,189.7
48,168.2
42,113.3
45,124.7
38,139.1
35,54.1
31,126.2
36,177.6
50,59.2
32,190.9
30,122.9
57,131.0
21,164.2
53,169.1
32,83.3
28,111.9
69,116.2
48,93.0
56,29.9
48,134.3
56,95.6
64,184.7
23,79.3
67,93.5
47,154.6
36,149.6
49,178.3
36,57.9
29,125.5
37,170.1
67,124.1
47,182.0
36,47.6
36,139.5
58,141.8
40,52.4
35,164.2
26,145.4
24,22.4
40,83.2
69,116.6
41,99.7
56,195.0
58,140.9
52,40.9
28,89.7
32,175.2
58,112.1
61,106.2
60,92.1
53,65.9
68,110.7
45,197.1
34,85.4
24,51.8
36,61.9
65,147.7
46,25.7
58,110.6
37,149.8
37,120.1
33,121.0
27,37.4
46,120.1
62,66.0
21,24.9
61,65.4
25,50.6
57,105.1
21,194.8
19,158.3
33,197.4
18,50.5
30,187.0
46,33.3
35,170.4
67,62.3
49,29.9
38,117.0
29,163.9
22,95.0
46,54.5
23,199.7
24,148.2
35,22.2
28,100.7
60,54.4
18,95.2
67,155.4
18,177.3
42,179.8
67,67.1
66,124.2
43,109.2
63,164.3
54,112.2
33,148.6
40,109.0
50,101.5
51,106.7
23,158.4
21,196.4
52,173.4
54,139.3
21,111.6
56,61.9
47,114.5
31,71.4
41,190.7
63,181.1
57,171.4
20,126.7
26,70.4
38,122.7
56,152.9
47,33.0
48,70.1
50,136.6
48,25.0
58,82.6
40,93.4
18,80.1
23,140.6
50,158.8
31,104.1
29,73.4
40,181.9
55,21.3
26,169.2
39,48.4
41,132.8
44,57.9
45,190.5
51,82.4
65,143.2
63,39.2
56,21.2
44,135.8
58,141.6
44,76.0
62,160.2
62,106.6
37,131.9
28,108.8
47,39.9
66,161.2
69,194.5
64,136.8
40,163.6
66,115.9
18,71.7
45,119.5
31,37.6
52,80.2
20,128.3
30,108.6
19,83.3
57,175.7
27,63.7
46,189.3
44,55.9
37,130.9
28,69.9
60,103.5
56,85.5
45,173.0
45,28.2
32,128.1
45,84.7
45,87.3
62,47.2
36,84.6
55,152.1
58,141.7
22,45.0
34,144.6
33,41.7
67,52.4
39,175.0
30,72.0
35,124.4
59,134.3
59,89.6
48,178.1
55,67.7
38,69.0
47,43.7
20,29.5
34,158.0
23,86.8
41,134.2
49,127.4
51,72.7
57,91.8
40,181.7
18,121.9
44,106.5
25,108.7
64,37.9
36,167.8
21,145.0
28,188.6
58,150.1
69,59.3
68,24.8
26,63.0
48,106.5
57,33.9
18,188.7
57,22.2
66,168.4
46,192.6
64,46.5
28,124.7
48,95.9
69,26.4
51,180.2
40,83.6
23,93.2
60,137.9
38,111.7
25,196.8
69,101.3
62,66.5
45,68.1
21,45.9
41,59.7
24,101.9
31,142.0
29,97.2
68,159.4
35,173.2
28,93.6
43,145.8
51,69.6
18,86.8
40,80.8
54,52.4
50,72.6
25,110.3
48,114.3
62,66.4
66,178.9
67,22.8
49,48.0
67,104.7
48,44.3
51,181.2
59,167.4
32,83.3
31,81.1
60,49.8
49,115.0
40,129.0
60,76.9
64,143.6
24,118.3
34,147.6
37,126.7
25,141.0
34,199.6
24,43.7
40,29.1
33,39.8
63,82.8
48,164.1
33,77.6
35,163.0
47,185.8
52,94.6
48,74.7
28,183.1
28,31.2
47,104.6
65,20.6
66,83.9
45,163.2
38,137.9
22,198.3
23,195.6
55,41.0
18,102.2
20,54.0
24,84.2
50,158.7
67,42.3
55,171.9
58,58.6
46,158.1
25,158.4
26,28.1
28,45.7
44,199.1
50,159.9
25,92.0
47,49.7
29,21.2
66,129.6
25,93.9
30,115.9
45,156.3
45,124.4
46,87.2
29,98.9
57,96.6
45,78.8
58,157.6
18,137.6
47,189.1
18,151.8
64,96.4
54,113.4
37,145.6
40,197.2
58,180.2
36,27.5
54,158.9
46,149.6
28,25.5
57,156.7
63,53.7
56,55.0
43,32.5
66,162.2
20,191.5
47,107.2
35,115.5
69,76.7
53,69.5
24,180.5
41,34.7
25,141.2
53,53.7
69,183.5
30,89.9
64,161.5
52,131.6
66,112.0
59,20.7
42,86.4
22,76.5
18,176.9
64,78.9
21,52.6
27,158.6
22,196.5
56,143.1
47,174.1
66,109.2
45,136.1
20,110.7
51,146.3
22,69.0
31,136.1
23,105.8
67,166.1
32,77.4
62,182.6
25,107.7
33,81.4
46,116.9
42,113.1
34,80.1
59,26.8
20,102.0
34,94.6
36,97.0
52,53.6
65,97.7
63,23.0
37,33.3
44,184.9
41,63.2
58,144.8
33,77.9
66,132.4
61,68.7
25,33.4
18,143.6
62,25.1
66,84.8
39,95.6
40,134.2
43,40.1
60,142.1
29,178.3
29,198.3
48,160.9
57,111.3
44,104.7
24,49.8
29,92.1
36,188.4
22,135.0
35,135.8
33,137.8
46,118.9
37,114.5
32,115.6
45,94.0
66,143.6
34,95.1
69,109.5
33,59.6
65,65.9
38,125.0
66,153.5
46,29.0
46,90.2
60,37.1
54,52.4
52,80.4
60,151.0
34,79.8
30,41.8
53,92.1
52,116.3
50,73.6
50,141.3
27,113.6
61,128.0
18,61.8
18,53.1
48,110.1
63,26.0
60,149.6
52,91.4
32,172.2
35,137.2
62,170.8
55,107.4
47,58.1
43,97.4
39,69.5
21,61.1
47,86.6
44,84.5
48,194.8
66,172.7
35,159.0
36,97.2
18,63.7
54,102.8
45,131.4
41,108.6
64,81.1
44,193.7
33,120.9
63,197.7
50,171.0
57,82.1
61,87.4
39,124.3
33,181.0
21,142.7
64,153.2
29,30.2
35,163.7
34,128.1
38,29.0
38,58.1
47,194.7
52,119.5
31,90.1
31,121.5
33,173.3
35,158.5
35,184.1
54,96.8
28,124.7
19,22.1
39,118.2
39,110.2
19,41.6
62,105.4
34,198.1
34,96.8
26,112.4
60,138.5
35,107.0
32,199.2
66,167.5
18,184.3
30,159.6
33,34.1
35,179.1
69,128.6
22,64.7
43,95.5
20,160.1
69,99.1
68,48.3
53,141.6
26,199.1
62,149.8
41,140.7
50,58.8
34,128.5
66,196.2
69,99.9
32,148.1
43,170.5
67,50.9
63,175.9
39,155.4
40,155.9
32,187.7
60,102.8
46,144.1
35,171.3
67,26.5
49,137.0
46,169.5
26,111.9
51,72.7
60,102.1
21,139.9
23,143.7
43,36.0
30,46.1
53,140.1
63,84.2
46,74.1
51,118.6
63,154.3
42,88.6
35,83.3
61,127.6
29,89.2
23,105.4
35,123.9
26,87.4
62,169.0
44,166.3
67,132.7
18,115.5
38,27.1
59,112.6
39,128.4
58,181.5
35,103.8
26,73.0
30,42.1
18,33.8
63,149.9
43,23.3
69,128.3
68,198.1
37,108.5
54,146.6
34,157.6
34,90.5
60,194.7
38,132.4
34,34.4
43,105.2
18,170.9
25,145.1
22,66.4
62,85.0
28,149.9
36,31.7
56,21.2
62,100.7
22,162.3
24,75.4
58,137.9
55,44.9
47,39.0
24,85.1
42,176.3
35,120.2
53,28.0
51,46.7
58,120.9
61,25.8
67,63.5
44,31.4
29,132.9
45,146.2
38,50.5
61,38.9
34,170.3
19,166.6
68,110.0
33,107.0
34,164.5
67,177.8
40,112.2
60,116.8
51,144.7
23,129.3
20,141.9
24,187.2
63,187.0
56,156.3
57,28.3
44,136.8
42,118.0
49,171.5
37,29.6
62,60.0
54,118.8
24,135.2
30,145.3
49,34.8
28,148.3
22,137.1
21,139.3
62,79.5
51,119.9
20,121.0
64,23.5
36,119.6
65,120.0
20,165.4
57,101.4
32,62.8
63,157.7
51,44.6
50,95.5
54,199.5
60,90.1
46,122.7
56,68.6
20,119.5
26,35.1
46,166.5
62,165.4
43,195.1
49,193.8
20,150.8
57,70.3
37,151.0
20,130.9
47,125.4
29,146.4
33,84.4
49,132.7
35,102.0
42,134.3
46,114.1
34,99.0
69,88.8
44,141.2
57,189.8
44,158.9
45,130.7
18,74.9
39,81.3
52,42.7
27,162.7
18,34.7
45,72.4
51,60.2
22,92.4
18,148.0
30,172.5
59,172.7
18,150.3
44,106.6
61,154.0
35,164.5
63,144.4
65,55.6
63,167.3
24,160.2
53,162.0
65,76.0
35,68.8
24,30.1
37,130.4
22,74.5
29,42.4
65,69.8
58,93.6
35,37.7
36,154.7
53,109.2
68,69.4
66,191.1
18,121.0
65,118.4
22,124.4
21,190.6
55,115.9
37,101.8
47,40.8
22,92.1
32,137.1
39,186.9
28,138.1
48,182.3
50,80.7
33,66.3
58,198.2
48,136.9
55,40.6
55,154.6
66,173.9
33,151.6
58,78.0
59,61.5
67,107.6
26,37.3
57,20.0
42,184.2
34,122.7
25,21.0
43,163.5
37,55.6
40,32.3
43,119.0
65,49.7
20,104.0
39,150.6
62,140.5
51,113.8
67,86.8
42,157.9
29,179.4
62,186.6
25,143.0
33,112.0
52,50.8
18,90.8
50,177.1
45,94.5
59,87.0
57,25.4
69,25.3
52,114.7
67,96.0
63,37.1
47,35.6
33,184.9
64,174.5
66,182.3
30,94.2
34,103.5
31,82.4
22,91.3
19,33.8
50,147.5
59,48.7
49,90.0
54,199.7
35,151.3
48,85.6
21,120.2
22,43.4
29,37.6
38,135.8
64,198.5
60,190.3
65,49.1
56,121.9
37,179.2
63,101.7
34,91.7
52,191.3
54,174.6
37,152.9
47,74.5
44,82.7
21,182.9
26,187.4
39,88.3
22,49.2
57,148.3
59,32.0
65,180.7
49,133.2
23,54.4
29,154.4
68,93.3
56,179.5
45,117.6
37,146.5
26,166.7
36,163.1
33,104.2
30,83.3
42,79.8
63,52.2
46,155.4
56,164.2
21,131.6
30,104.0
63,82.6
25,63.1
51,144.5
45,83.9
44,21.0
51,75.9
47,132.3
18,86.5
29,196.5
30,94.8
50,51.5
36,139.2
55,123.7
23,82.4
20,155.1
28,193.8
43,152.1
52,40.3
23,91.3
59,178.3
57,71.2
64,148.5
53,72.7
62,190.3
66,59.1
28,121.5
37,58.8
68,46.4
26,113.3
68,160.9
37,58.3
59,93.0
55,116.5
35,157.0
27,136.2
58,78.0
69,32.8
47,31.7
50,44.8
49,79.6
24,76.2
65,108.2
42,96.4
44,20.5
65,161.5
67,133.2
67,21.2
38,155.0
62,93.4
28,130.5
35,137.2
43,37.9
33,188.4
40,96.1
33,30.5
48,198.9
46,158.5
19,60.3
20,77.7
21,110.4
43,52.9
37,70.0
31,91.5
25,170.3
67,84.5
58,179.2
53,58.7
21,136.0
68,63.5
29,183.9
24,33.8
63,103.3
58,50.9
32,160.9
66,159.9
64,106.4
21,165.1
37,193.9
67,114.8
47,120.3
35,111.2
36,147.6
68,166.5
40,69.2
44,107.6
56,110.8
34,61.2
57,26.3
42,99.5
45,90.5
51,148.6
21,142.0
63,169.6
59,92.4
19,175.0
64,118.3
39,160.2
33,53.8
66,75.1
54,76.1
31,191.5
45,22.6
59,31.5
41,160.8
34,120.0
25,142.3
24,34.3
42,53.0
69,155.3
19,60.8
61,196.5
49,133.5
36,196.5
34,94.6
25,27.1
45,119.7
47,69.2
69,119.5
20,165.2
55,147.3
62,153.3
39,41.3
39,164.9
59,31.8
38,30.5
35,142.2
18,134.6
41,157.3
43,26.0
41,142.8
25,166.6
18,100.2
56,139.8
46,147.0
22,28.3
19,104.4
28,189.7
35,59.4
58,75.0
67,180.8
33,21.2
41,106.7
19,128.0
22,190.8
33,190.2
19,116.9
59,77.4
58,36.3
36,73.0
65,198.8
60,82.1
60,131.4
40,143.9
56,51.9
27,190.0
52,126.3
51,105.4
29,155.2
61,62.2
36,62.5
28,190.3
44,156.7
49,57.2
58,48.2
59,27.3
36,170.1
54,181.5
57,127.2
46,154.2
18,124.9
39,171.3
47,84.9
29,21.8
65,141.6
69,173.6
63,112.1
67,63.7
67,77.5
63,193.7
66,67.8
65,183.4
31,31.6
19,170.4
18,20.8
68,123.7
38,74.0
32,95.6
68,37.4
23,148.6
55,72.8
64,152.2
42,66.8
28,162.9
33,100.7
26,104.5
69,74.4
48,154.2
68,167.5
51,86.5
59,30.1
67,137.4
55,101.9
30,81.1
18,157.0
41,182.6
61,167.4
46,84.4
59,84.4
41,174.7
22,126.4
53,98.0
67,153.1
64,37.0
48,83.7
22,155.3
21,48.3
32,46.4
47,52.9
25,115.4
27,49.2
40,123.7
37,139.6
26,49.1
38,31.6
44,151.2
42,47.6
44,58.2
60,134.8
58,197.3
43,69.0
24,145.6
69,152.9
38,136.5
59,199.5
53,94.5
23,113.3
21,71.1
66,140.3
48,115.1
31,37.5
49,189.7
44,160.3
35,123.1
47,182.8
41,68.9
20,44.0
30,135.3
63,60.4
39,154.1
24,94.6
65,27.6
18,156.3
19,86.4
54,148.6
51,95.1
68,171.6
44,158.9
44,151.8
55,32.3
47,41.5
36,94.3
43,162.4
44,148.4
69,79.9
61,129.1
52,130.3
28,102.2
50,153.6
20,179.7
64,131.1
44,20.1
23,73.0
26,125.6
45,116.1
34,189.4
39,128.5
50,150.0
69,28.8
57,118.9
66,109.2
48,187.5
23,140.0
37,136.0
27,45.0
35,105.7
64,26.9
42,182.1
22,46.8
40,40.1
28,127.8
26,100.3
62,143.4
41,49.0
42,29.2
45,195.7
64,78.7
36,26.5
62,148.6
33,179.3
34,86.9
54,57.3
39,52.8
18,24.5
64,108.5
62,173.3
18,71.5
28,45.0
20,30.0
55,134.4
54,148.0
48,138.7
63,47.6
50,147.8
28,146.9
62,126.4
39,49.9
69,49.2
46,108.9
65,149.0
61,185.4
20,48.0
31,71.0
39,96.9
33,99.1
66,145.3
28,51.1
22,193.3
41,171.2
59,184.0
69,69.2
37,82.8
24,99.1
27,116.2
33,111.6
46,181.9
58,166.2
40,111.9
59,181.9
50,82.1
61,117.0
21,68.5
20,57.0
62,41.0
26,153.4
37,21.0
36,56.3
60,38.1
29,158.5
29,76.4
59,41.0
37,174.2
53,146.0
43,132.7
36,63.4
49,109.4
58,154.6
39,83.6
22,96.3
65,151.2
47,153.3
48,134.8
61,103.9
43,178.4
20,63.7
31,125.2
47,169.2
35,33.9
27,129.4
57,192.7
66,110.2
38,83.5
69,180.0
52,71.9
49,51.1
27,27.2
63,190.9
22,135.4
30,149.6
34,174.5
52,67.3
50,36.8
59,64.5
40,86.6
36,20.1
48,30.0
47,157.8
66,195.3
64,69.0
52,125.2
51,120.6
37,193.4
62,136.0
63,197.2
23,51.9
68,176.7
44,166.8
62,199.4
29,59.4
48,119.1
56,180.1
25,84.8
26,67.6
20,182.1
60,177.5
65,110.0
66,45.1
55,134.5
54,78.0
32,36.8
30,41.8
36,31.2
56,135.9
54,106.2
65,186.3
42,84.1
52,105.9
67,56.5
49,127.1
63,138.4
46,198.9
39,35.9
49,98.2
33,182.1
38,135.3
41,132.5
37,91.2
29,148.6
19,148.0
57,135.5
36,165.2
69,111.5
22,119.5
29,188.7
30,73.0
62,60.2
47,125.1
53,126.0
56,68.4
64,69.5
25,78.4
40,118.0
60,198.4
37,115.8
34,122.3
63,67.6
56,35.4
35,25.2
60,100.7
37,86.1
68,187.5
57,94.2
27,171.1
44,190.0
64,39.3
65,35.4
65,93.1
25,166.1
29,168.4
49,97.1
21,68.9
50,145.8
26,69.1
41,143.5
61,129.2
41,104.2
53,92.9
38,67.0
66,188.7
22,122.3
61,51.3
39,93.7
61,70.4
45,167.8
57,105.2
36,79.8
54,134.8
57,46.4
55,191.4
67,123.2
59,95.8
35,162.5
30,118.7
58,71.0
24,186.7
38,189.9
28,144.7
52,192.2
67,67.4
18,29.2
24,137.4
62,56.3
65,109.2
61,140.8
21,122.5
65,54.1
51,48.9
55,54.2
59,45.4
56,143.5
62,69.6
35,139.9
49,83.1
19,158.3
42,77.0
67,44.4
41,171.4
45,110.7
45,95.9
65,93.9
52,75.6
65,184.5
40,98.3
59,189.9
47,101.1
69,46.8
54,155.6
43,65.9
23,167.5
27,184.9
46,119.4
66,113.7
23,37.5
36,29.6
25,188.4
54,142.4
22,164.8
48,138.2
61,45.8
60,126.7
59,119.7
34,42.9
36,146.9
41,127.4
67,51.8
58,46.4
64,79.3
58,195.6
45,166.6
40,42.4
55,39.4
67,173.7
55,61.9
59,72.7
29,34.3
50,54.3
62,77.3
38,79.3
57,114.5
61,149.9
19,126.8
42,153.6
39,137.8
41,93.1
26,138.4
62,93.8
21,83.0
26,51.4
56,197.4
55,175.7
39,84.5
31,156.7
25,42.7
61,93.4
63,183.1
52,157.8
47,67.1
36,192.2
39,48.3
39,45.4
36,196.3
54,57.9
59,105.1
69,105.3
34,31.6
31,142.6
61,115.0
54,135.6
40,156.5
26,103.5
27,194.9
51,42.7
19,77.6
25,148.2
29,180.9
64,106.7
30,46.9
35,146.9
21,181.1
54,49.6
66,134.0
54,94.3
33,169.8
43,136.7
68,88.7
63,74.2
23,177.1
62,114.4
59,94.0
47,194.9
48,65.5
34,188.4
55,20.9
38,29.8
34,194.5
24,83.6
64,102.1
24,69.9
36,61.0
50,56.9
32,122.2
59,70.3
52,25.5
39,183.7
30,39.6
44,84.6
62,185.6
69,134.1
61,33.7
50,112.6
39,60.7
52,120.9
25,57.6
29,153.5
39,47.1
62,110.6
43,69.8
26,115.9
27,194.2
37,186.9
67,123.9
61,179.0
23,107.7
43,47.4
66,32.6
60,50.0
65,180.2
33,66.4
45,24.7
66,23.2
42,145.5
56,58.5
61,36.8
66,112.8
36,23.5
26,106.3
57,102.7
67,197.0
28,65.5
19,24.1
29,137.7
46,159.5
49,35.4
27,37.5
19,54.7
19,144.9
32,127.5
51,79.7
49,181.4
31,112.9
32,131.3
40,37.1
33,47.8
64,31.2
27,76.3
58,32.8
52,69.7
18,72.5
22,140.9
37,180.7
51,77.1
21,117.3
47,143.9
33,30.0
34,116.4
37,169.1
24,196.9
66,189.2
63,63.9
62,98.2
53,24.2
40,52.3
32,81.4
23,61.9
43,167.9
53,174.4
20,123.6
40,32.0
27,120.2
54,60.0
27,20.9
60,123.2
68,146.0
19,186.2
68,98.5
61,147.9
45,67.3
32,125.1
57,79.2
44,133.4
38,196.6
42,160.6
18,136.6
29,123.9
43,85.1
42,171.6
18,81.9
58,73.0
46,131.9
28,28.9
62,35.0
45,48.8
63,185.2
55,125.7
69,178.8
18,103.8
41,134.4
65,76.2
26,156.9
41,124.3
34,38.6
42,184.7
30,52.6
32,161.7
38,26.5
69,192.4
24,184.9
64,107.2
42,141.2
56,74.1
54,155.8
49,42.0
37,74.4
62,83.9
24,96.8
50,110.7
58,94.8
25,34.8
36,175.8
53,199.9
47,93.3
27,156.7
68,34.9
57,58.2
44,77.2
48,58.1
41,165.5
43,175.0
49,119.5
68,66.2
34,32.3
67,57.4
43,181.3
68,105.8
67,83.9
60,179.8
53,99.4
56,128.7
49,173.3
27,59.7
49,58.0
35,75.2
65,190.1
23,163.3
57,45.1
59,181.8
25,46.3
52,166.6
66,65.2
38,181.2
48,139.2
65,105.1
69,99.3
31,62.5
35,135.4
19,63.7
42,191.4
54,42.2
23,64.9
35,108.6
50,74.3
27,125.8
67,61.7
64,175.7
38,136.4
67,128.9
63,185.2
61,117.9
69,41.3
23,30.0
39,135.7
29,138.8
23,151.8
45,57.9
40,145.8
66,63.0
33,143.6
55,113.6
47,196.2
66,171.6
51,193.3
64,117.6
39,162.9
69,20.7
20,187.7
42,103.1
69,38.1
58,106.6
18,183.2
31,71.1
65,54.4
44,104.2
66,40.6
52,20.2
53,153.5
37,156.5
40,118.1
43,37.4
60,81.2
49,61.4
53,173.8
49,172.4
53,22.7
69,196.4
36,85.5
48,156.1
36,133.4
24,101.6
62,107.7
22,142.7
38,164.4
62,25.5
55,34.5
45,90.1
67,118.1
40,191.6
19,85.0
62,20.4
61,65.5
42,173.7
50,121.2
56,164.2
29,40.3
58,116.7
61,91.0
25,96.5
62,85.3
50,61.0
61,146.2
52,72.4
23,160.4
34,31.1
51,99.1
43,160.2
18,171.2
32,27.8
39,20.5
35,124.7
64,95.7
24,60.0
68,134.8
52,96.5
53,35.0
69,33.5
36,143.8
60,168.1
19,100.2
65,69.3
23,55.8
34,127.6
37,41.3
20,173.7
65,134.0
42,41.9
66,37.8
47,199.8
34,90.6
48,162.5
55,59.9
38,130.2
21,49.7
27,127.0
42,173.0
64,103.5
67,115.5
50,158.1
53,108.0
65,20.2
40,64.3
65,127.9
56,165.2
51,153.1
33,107.2
42,126.5
53,151.9
54,73.0
23,79.2
67,95.8
69,77.5
35,142.7
47,128.8
24,192.6
31,61.7
34,36.0
52,109.4
30,52.4
54,69.0
30,129.5
50,22.5
47,99.3
55,173.6
62,118.6
39,71.7
27,194.6
26,149.8
30,32.5
27,94.3
34,104.9
38,88.0
18,169.5
27,125.5
50,99.9
27,109.0
50,170.7
55,181.5
53,57.9
22,25.7
55,159.0
60,174.0
27,99.9
57,84.5
61,187.6
46,93.3
34,86.8
48,54.0
43,116.2
46,140.0
56,56.3
38,167.5
62,72.0
62,105.3
18,185.9
49,187.2
46,196.6
61,132.2
57,71.9
59,169.6
41,43.7
67,88.4
69,41.2
32,100.8
43,110.9
19,40.3
39,134.7
65,25.4
30,120.9
22,36.7
28,195.6
44,70.3
23,175.5
29,100.8
47,21.6
59,151.9
37,162.6
26,142.0
35,65.1
37,129.0
48,194.1
19,83.3
65,164.7
40,102.8
59,35.2
53,73.7
55,163.2
28,130.2
32,59.2
29,64.6
55,109.5
22,118.7
37,83.6
23,196.9
38,85.0
20,68.2
65,181.9
30,152.7
53,140.4
38,96.8
30,37.2
27,108.6
21,129.8
22,198.9
44,99.4
68,130.5
42,39.5
65,110.7
45,173.0
54,102.0
19,184.2
31,42.6
37,156.7
37,27.0
67,101.4
25,199.0
29,146.6
58,141.5
62,170.2
24,149.9
36,101.8
56,122.8
33,162.6
65,94.2
35,167.9
67,29.1
44,22.2
68,75.9
31,133.2
36,94.2
65,160.6
23,139.5
23,164.8
37,97.4
36,152.5
32,146.4
54,180.8
51,181.6
52,55.7
61,60.7
20,111.4
33,191.7
28,177.8
27,26.0
51,110.3
64,75.0
18,73.9
49,59.0
56,65.9
29,51.1
64,105.7
57,159.8
60,57.2
20,49.3
54,23.7
64,102.0
59,96.9
64,137.6
20,143.9
28,145.1
40,198.6
48,106.3
18,160.8
52,164.1
22,41.6
31,30.2
39,190.1
30,100.4
37,143.0
38,101.1
21,84.8
66,119.9
35,80.2
33,69.2
53,197.0
69,157.5
58,47.8
24,164.3
67,160.6
43,70.3
19,181.8
58,183.5
50,172.0
43,161.8
31,43.4
53,155.2
39,81.6
57,88.6
54,172.5
50,50.3
26,167.3
39,76.7
62,79.2
32,72.1
27,85.4
58,112.2
19,120.4
24,104.9
69,134.5
58,100.2
60,109.5
23,116.0
23,31.6
48,85.8
22,157.7
59,20.9
38,37.5
19,142.7
31,35.7
37,72.4
36,56.2
65,87.2
39,192.9
57,115.5
58,143.0
25,54.7
23,176.0
28,106.6
36,130.8
46,186.1
43,31.9
45,78.5
66,140.7
68,190.7
64,55.0
61,69.0
68,164.5
37,196.3
62,31.7
55,33.4
32,107.8
62,132.9
30,29.0
61,44.3
31,164.9
28,159.9
49,59.8
44,155.3
38,192.3
65,96.5
20,96.2
34,176.2
64,79.1
33,69.9
36,154.5
62,151.3
55,96.0
46,115.7
65,126.8
51,99.8
38,191.9
34,164.9
30,136.0
48,132.9
44,110.4
62,80.4
53,32.2
35,197.8
22,177.4
18,42.2
67,75.7
62,198.1
33,126.9
22,80.1
28,24.0
39,147.5
22,119.7
24,169.1
42,29.5
41,86.9
32,186.6
37,76.2
36,53.0
44,30.5
44,191.2
62,47.9
52,80.2
38,157.0
62,159.0
49,196.7
69,119.6
32,168.7
56,197.1
52,153.1
68,122.9
31,167.4
45,52.1
28,129.0
37,106.6
31,46.3
60,194.8
20,155.6
65,72.1
33,101.8
61,68.9
23,90.6
53,64.0
56,132.3
56,195.7
29,193.0
29,144.6
49,190.6
52,193.1
67,55.1
52,176.4
53,75.0
36,48.6
56,80.1
52,148.0
21,158.1
44,84.0
53,127.8
23,133.2
40,170.8
69,148.5
30,175.8
32,47.0
24,139.8
29,25.6
68,53.4
32,169.9
33,36.7
54,50.7
31,60.3
26,53.8
66,147.3
20,33.6
46,165.1
51,177.9
25,122.3
21,89.3
25,69.6
36,80.1
37,70.9
26,40.4
45,198.8
48,147.1
62,103.9
56,106.4
22,84.8
58,74.0
65,149.9
49,124.4
69,169.5
38,57.0
25,58.4
61,34.9
47,119.7
31,32.0
27,60.9
67,87.6
63,150.8
68,171.1
55,123.2
49,160.5
25,193.0
42,115.7
52,178.7
30,76.4
52,38.3
34,128.1
30,31.7
54,87.6
29,142.3
32,58.4
30,94.4
22,156.9
42,76.1
58,76.1
37,34.1
62,148.0
51,161.8
36,28.3
64,68.1
52,159.0
25,169.9
66,52.9
48,123.2
22,121.3
36,111.8
19,88.7
48,74.9
55,51.0
43,79.4
63,109.3
31,130.3
66,25.4
67,106.4
32,185.0
49,25.5
40,197.9
64,143.4
50,160.3
62,78.0
32,98.4
27,48.3
19,194.3
65,87.9
43,137.8
37,75.5
33,156.0
59,85.0
69,26.1
65,75.7
66,199.4
30,119.5
34,45.6
49,109.9
44,85.3
67,188.7
43,141.7
64,32.0
59,149.3
38,89.8
69,114.1
37,48.4
40,133.7
42,143.1
58,89.7
28,66.4
30,125.1
52,109.5
23,71.3
53,145.6
36,48.3
48,146.9
64,139.5
54,110.9
36,139.3
46,111.5
23,23.0
40,183.5
40,30.4
32,66.9
32,83.8
32,167.5
64,79.5
37,123.1
33,53.9
50,169.0
27,139.4
48,91.9
55,51.5
42,91.1
67,137.8
22,145.5
34,31.2
69,157.8
47,41.9
44,184.0
43,56.0
30,122.9
32,119.7
66,118.3
21,176.2
69,139.8
56,65.0
50,94.0
65,116.6
47,150.6
56,23.9
48,66.6
62,159.2
57,170.7
19,169.4
53,67.4
34,119.5
41,21.7
44,130.4
22,118.7
20,43.9
20,80.0
67,55.9
33,59.3
45,43.8
56,131.3
47,128.5
21,30.2
31,23.6
68,175.3
24,169.3
63,153.5
69,90.7
46,167.0
64,58.1
24,83.6
35,23.1
47,42.7
25,68.0
69,194.9
55,127.9
46,83.6
22,194.6
65,146.5
33,52.7
40,113.3
30,152.2
38,79.4
33,119.9
25,179.8
23,150.7
39,89.9
68,74.8
39,60.6
32,179.6
48,102.8
47,67.8
53,117.3
58,178.4
47,60.8
42,105.5
24,180.2
31,189.4
44,188.8
25,191.5
25,132.0
27,171.8
36,165.5
23,198.8
53,62.5
26,152.9
37,90.7
45,118.5
51,146.2
36,124.6
43,102.4
21,93.3
24,63.8
56,103.0
43,187.6
61,27.3
63,84.4
52,80.4
24,42.3
41,105.6
47,20.7
46,154.9
45,127.8
63,126.6
69,52.5
26,109.2
19,160.9
50,145.7
63,177.6
50,176.3
20,95.1
46,89.6
28,159.3
41,180.9
59,196.8
61,183.8
53,127.2
58,193.0
26,36.8
33,173.0
55,146.7
64,169.1
38,83.4
38,69.0
52,127.8
57,178.9
48,22.4
68,67.2
24,120.3
36,176.3
68,103.6
57,73.8
62,51.5
65,104.5
56,148.7
51,81.5
18,48.7
55,87.3
29,46.5
45,140.5
48,161.4
64,62.3
49,166.1
42,35.9
69,117.7
23,123.3
58,144.4
62,101.8
25,69.8
60,59.2
20,162.5
31,184.2
24,196.4
58,65.3
29,174.9
47,194.3
69,68.3
58,93.8
43,191.1
60,101.4
20,130.3
29,41.9
24,127.3
67,41.0
46,123.5
33,173.4
46,103.4
64,57.5
56,112.8
69,178.9
27,48.2
47,49.0
25,143.0
24,60.0
40,24.1
66,129.8
66,150.0
29,70.4
33,108.9
46,134.1
49,94.4
44,85.0
46,57.4
42,41.0
58,20.7
34,184.8
22,56.4
41,35.8
55,170.1
67,80.8
39,38.4
29,88.9
26,95.4
24,169.3
58,57.9
39,196.4
42,92.0
27,140.9
66,26.3
44,77.9
18,59.1
54,135.3
46,194.7
45,76.8
27,141.3
68,48.0
50,41.5
44,153.6
46,85.8
64,84.1
40,136.9
48,117.9
42,75.0
55,116.4
43,110.3
23,100.9
26,32.3
44,147.7
37,47.6
33,59.3
29,120.2
33,72.7
67,23.2
68,173.5
22,171.6
28,162.7
20,35.4
68,66.4
32,182.8
18,23.6
65,186.9
63,75.7
37,68.5
48,119.6
34,26.3
38,20.5
45,138.4
52,44.5
36,52.7
67,67.1
27,94.9
39,90.9
37,171.7
69,142.3
40,155.4
33,105.3
29,131.7
34,116.0
24,23.2
21,20.2
44,117.1
67,156.9
63,66.1
67,113.5
50,27.8
26,170.1
48,58.2
60,117.3
18,74.5
32,97.8
63,32.1
48,100.9
63,188.5
42,104.6
42,90.3
54,121.0
27,128.4
41,38.6
48,88.5
40,72.9
48,114.2
32,187.3
47,32.3
41,121.7
26,103.8
48,125.0
36,129.7
18,152.3
60,198.9
39,136.5
46,197.8
39,35.1
38,124.6
40,80.0
44,142.8
45,181.0
54,154.0
39,128.1
57,164.6
37,106.1
58,106.1
68,53.4
30,80.6
22,128.7
30,196.4
69,83.9
38,166.8
47,187.9
18,145.8
20,183.6
38,46.1
59,72.2
41,59.0
45,153.4
62,137.3
35,146.7
65,188.0
59,37.8
32,83.6
45,146.2
47,65.8
52,148.1
29,194.1
61,112.5
40,154.1
43,88.7
23,138.4
55,55.6
59,157.6
41,96.9
22,168.7
27,59.4
44,175.4
55,175.3
53,36.2
64,94.9
61,143.5
30,44.7
61,111.0
61,39.4
65,28.6
25,57.8
25,116.5
68,89.1
42,170.7
67,183.3
43,112.9
18,23.9
41,84.6
37,142.9
66,162.1
34,119.6
64,127.0
53,21.5
53,68.4
66,122.9
43,51.8
25,108.0
68,141.6
27,43.1
50,140.5
27,199.4
21,21.4
53,84.7
36,116.0
19,79.3
24,142.1
21,178.0
33,88.0
40,93.5
24,125.2
64,54.6
34,74.6
45,192.0
47,41.3
36,107.8
61,29.3
34,190.1
60,157.2
29,46.5
24,56.6
61,31.1
52,196.2
26,57.2
50,170.7
59,119.3
19,29.3
26,184.7
40,61.4
60,114.7
22,66.4
49,193.8
59,38.9
54,26.8
45,89.2
18,168.9
51,165.3
45,130.3
66,167.4
24,178.1
26,129.1
35,125.4
41,26.1
28,153.2
50,124.4
64,192.1
57,37.8
43,64.4
49,179.4
20,102.6
56,129.2
32,91.3
44,171.5
47,97.0
30,122.8
50,141.4
39,195.6
65,120.4
38,42.1
37,65.3
66,140.5
39,46.6
49,90.9
53,160.7
18,114.6
28,64.4
51,73.0
37,192.1
37,143.3
67,140.7
67,58.4
28,30.7
49,180.7
49,158.4
22,132.2
58,167.8
65,93.2
54,62.6
46,84.1
18,195.1
61,46.9
51,114.4
46,151.5
65,103.2
60,65.6
67,61.1
59,179.7
46,123.8
58,30.3
50,142.9
56,38.6
26,28.7
44,102.4
52,59.2
65,186.7
52,94.0
28,69.1
36,33.3
44,31.0
23,167.5
33,74.4
50,87.3
39,121.7
27,123.9
33,194.6
42,171.6
54,39.8
19,175.8
30,51.0
58,27.3
61,76.0
45,187.1
60,110.3
63,152.8
32,30.8
56,87.7
69,77.1
22,152.3
23,191.2
63,168.2
33,24.5
60,116.8
33,94.1
22,35.3
38,195.8
18,32.8
69,97.0
22,88.6
27,43.9
24,70.9
47,145.8
33,142.6
41,109.0
22,150.2
26,59.6
33,157.2
45,175.3
33,125.7
68,144.8
42,99.4
55,72.4
58,68.7
63,116.4
68,184.1
46,98.7
38,173.6
52,194.5
23,77.3
39,182.2
53,91.0
51,44.5
25,67.3
47,195.9
23,30.7
64,32.6
52,58.5
38,101.4
47,91.1
26,132.9
44,158.4
35,149.2
39,78.2
34,119.4
54,165.5
45,155.7
69,117.5
19,176.1
62,25.8
50,102.3
50,168.8
41,44.3
41,63.9
33,23.0
18,59.0
39,179.6
62,77.8
54,71.1
69,169.1
21,27.3
48,65.8
63,110.5
23,29.0
32,171.3
58,190.7
40,43.5
48,95.7
19,114.5
32,146.2
41,195.3
49,98.2
23,49.5
63,144.9
66,48.0
42,35.3
43,68.9
30,54.7
25,178.2
62,30.0
52,175.2
56,22.0
58,108.2
27,99.6
56,63.2
44,159.4
57,97.3
40,53.4
43,197.8
38,102.7
53,78.1
33,97.5
55,89.2
20,152.4
37,135.1
38,175.5
38,68.1
38,143.5
19,35.5
38,131.3
63,155.9
20,186.7
60,149.9
25,34.8
49,70.6
19,149.0
35,170.2
23,155.2
32,82.7
55,58.9
22,100.9
60,162.6
30,161.8
69,145.2
43,55.3
47,156.5
69,119.8
23,103.3
27,93.9
67,169.3
56,102.7
49,186.7
19,103.0
58,183.3
37,70.6
28,153.0
22,22.9
37,130.2
25,106.1
27,152.7
55,145.4
19,26.5
31,102.5
27,75.1
39,162.8
28,44.4
31,97.7
20,51.7
66,117.1
59,186.1
64,165.4
41,155.5
56,167.0
31,192.3
27,194.7
24,39.2
26,23.9
29,40.3
62,170.8
24,31.1
52,146.7
49,160.1
46,37.3
62,86.6
63,40.8
65,85.9
25,73.5
34,113.2
30,58.7
30,175.4
67,127.8
19,133.9
38,140.4
65,110.1
59,149.7
21,124.7
60,126.7
45,129.0
56,162.4
62,38.4
21,80.5
25,65.2
35,28.4
62,38.9
64,80.7
36,45.3
47,122.9
37,151.1
33,31.0
69,171.1
18,149.5
31,160.2
33,50.3
38,55.8
19,78.3
56,123.5
60,51.5
46,199.6
66,27.5
47,143.9
40,149.7
31,56.4
18,121.1
21,156.6
48,140.0
54,180.5
64,140.3
66,38.7
37,32.8
24,119.2
65,171.6
53,185.0
34,95.4
65,81.5
46,157.9
52,59.0
63,45.3
47,156.4
26,40.0
33,158.5
61,20.3
59,142.3
58,174.4
29,84.3
58,158.6
38,21.3
36,35.2
19,135.6
48,39.3
30,78.4
27,63.6
19,59.3
54,92.0
40,86.6
37,93.4
52,158.3
32,143.3
59,124.6
23,189.4
24,156.1
60,111.1
31,185.4
30,80.6
26,61.5
56,154.1
57,147.3
27,125.7
27,47.1
66,136.1
21,165.0
27,25.5
33,194.6
37,58.7
34,62.0
61,60.0
39,89.2
51,45.8
56,188.8
68,171.5
60,88.3
19,64.0
53,68.1
68,157.6
68,187.1
37,49.6
27,134.2
68,142.8
51,31.1
36,20.8
35,194.0
37,36.8
54,168.2
61,157.6
21,24.8
54,160.0
63,54.4
22,81.1
29,77.0
42,102.6
37,113.0
44,95.4
65,73.2
46,71.8
51,176.9
44,58.5
50,44.5
51,102.0
49,64.6
35,153.7
57,141.4
31,49.3
53,34.0
40,121.4
69,182.4
33,107.7
62,69.9
69,76.2
59,163.8
22,149.8
27,79.9
48,77.2
59,167.4
62,68.6
67,160.4
55,48.0
62,187.0
57,23.7
43,123.4
53,54.8
61,150.8
69,151.7
47,166.0
33,131.2
33,167.2
31,107.7
63,65.3
61,88.2
36,39.8
58,181.9
50,94.7
59,60.4
31,103.0
58,152.2
31,26.8
20,189.3
48,39.8
29,21.3
39,111.7
20,136.5
18,96.6
22,122.3
43,146.2
66,70.0
68,196.3
52,185.0
41,33.2
60,150.7
50,119.7
51,127.9
50,169.4
37,40.2
68,106.6
55,74.8
32,180.9
49,120.1
39,194.6
29,88.1
60,21.9
37,170.1
40,164.9
59,57.6
63,76.3
46,175.4
66,86.2
52,187.2
29,172.0
58,194.0
41,42.4
49,118.0
31,45.7
68,92.4
41,173.0
33,135.8
30,59.3
49,84.9
37,198.4
59,75.7
59,156.5
41,170.1
48,187.6
64,156.7
37,103.3
20,111.9
60,135.1
34,38.7
62,41.8
66,143.5
27,195.8
52,83.8
19,25.8
21,51.2
54,177.8
59,57.4
33,36.1
34,47.5
63,108.6
69,133.2
24,145.5
18,135.3
54,157.7
45,131.5
36,166.8
63,123.0
62,24.1
19,53.8
43,195.8
47,196.2
25,51.9
23,138.1
56,131.7
58,154.5
65,180.3
55,147.3
19,99.9
35,145.2
60,174.1
50,132.9
54,81.4
49,104.9
40,87.5
67,153.1
24,81.1
43,151.7
63,111.0
46,186.8
60,187.0
48,91.5
25,109.3
51,134.5
34,80.3
44,104.3
52,87.5
50,99.6
47,126.7
66,130.9
51,191.1
59,196.7
36,67.9
31,75.0
42,58.4
60,46.1
58,133.0
58,160.6
55,85.0
62,34.6
21,187.3
46,118.2
38,25.1
50,59.8
41,161.4
27,95.6
41,26.8
43,52.7
19,54.0
31,191.7
66,76.1
18,51.4
26,61.1
49,54.8
59,182.8
55,140.6
29,112.6
19,56.3
69,115.7
32,63.0
66,199.8
45,37.9
25,98.6
52,165.7
56,37.6
43,119.7
49,180.1
60,125.8
38,100.8
48,191.2
49,37.2
46,60.4
50,170.8
28,164.9
54,101.8
20,198.7
49,114.7
43,124.6
43,189.9
43,106.8
61,144.7
25,55.5
30,48.1
62,135.0
51,190.8
60,124.1
37,147.0
52,28.9
38,146.4
63,93.3
42,34.6
33,118.9
30,50.1
59,91.2
38,67.1
35,29.0
24,112.1
58,151.3
32,168.6
38,39.5
47,137.5
57,39.9
47,34.7
34,148.6
53,21.9
56,99.4
24,61.8
20,62.9
20,100.9
60,164.3
58,111.5
42,180.9
26,159.8
43,172.2
50,115.9
69,152.7
66,171.4
44,183.3
31,154.7
54,76.5
32,141.4
25,36.4
42,119.5
37,126.3
35,193.5
55,179.0
68,41.2
51,32.0
21,44.6
45,174.3
34,118.6
68,161.7
66,117.4
45,36.5
58,153.9
56,127.3
52,166.9
49,192.5
44,196.0
60,92.9
60,126.7
41,134.6
55,54.1
18,170.3
33,145.4
46,170.0
52,98.8
50,183.2
19,148.2
35,129.4
49,47.0
37,86.5
52,34.7
46,30.4
31,166.0
31,131.3
49,124.9
46,173.5
43,38.1
25,171.4
19,132.1
24,98.9
31,134.4
52,53.0
57,88.2
66,175.0
41,138.1
61,87.8
56,190.7
67,151.9
68,162.8
37,194.7
18,138.7
41,27.0
48,135.8
47,191.5
19,91.3
31,156.2
63,83.2
56,136.3
40,137.0
65,176.0
68,42.0
45,106.1
38,185.4
57,133.2
47,98.8
56,145.6
60,53.5
46,51.1
44,82.7
51,72.6
44,166.9
53,30.4
53,111.2
38,106.4
24,198.2
34,68.6
55,31.7
53,28.5
53,175.4
69,46.4
46,157.6
26,54.3
61,77.4
69,178.3
51,187.0
36,133.7
58,114.3
18,38.6
50,188.5
67,176.9
56,55.3
18,149.2
59,72.0
38,195.1
33,148.1
22,25.9
60,167.0
47,69.8
45,149.6
65,164.9
36,117.2
40,111.4
69,183.2
39,175.6
39,93.4
25,99.7
54,98.2
30,49.3
55,68.0
65,161.8
54,45.7
21,45.8
68,96.0
24,87.9
32,98.3
19,65.9
48,57.0
20,30.6
32,152.5
66,57.6
30,79.3
19,162.8
29,96.1
58,144.4
67,166.5
25,105.1
44,157.4
46,44.6
52,68.2
36,110.7
55,28.1
51,109.9
65,165.0
34,32.6
55,196.5
18,82.3
28,37.1
26,38.7
27,102.1
56,157.0
21,21.4
42,41.1
19,166.0
31,131.6
58,110.5
61,54.6
55,180.3
43,193.5
46,65.7
50,110.9
20,198.3
36,182.9
22,129.9
49,150.9
47,110.6
64,70.2
62,42.4
38,52.3
26,104.7
22,159.0
24,107.4
57,140.8
41,25.0
36,142.3
38,59.8
20,34.7
57,181.3
36,162.7
62,47.7
64,123.4
43,88.2
58,81.7
27,145.8
55,30.5
59,51.8
32,95.7
53,66.3
58,34.7
20,41.3
22,158.0
61,161.2
57,40.6
55,74.3
66,45.9
23,94.2
38,65.4
18,194.3
59,44.1
33,22.1
35,108.6
49,38.1
25,92.1
50,62.1
62,133.9
53,157.4
27,117.4
51,111.4
60,191.3
31,32.8
45,141.1
38,77.8
54,85.3
58,184.9
55,65.4
50,143.8
58,113.1
58,166.0
28,131.8
35,159.8
37,92.9
63,25.9
69,145.7
61,186.0
66,195.0
25,193.3
59,121.1
23,141.3
57,107.6
33,96.1
57,48.5
40,78.1
50,93.0
26,127.3
56,150.2
53,130.4
50,142.8
51,109.0
45,144.6
19,57.7
48,91.9
22,33.9
61,135.0
44,119.1
43,129.6
29,45.4
44,137.5
63,128.8
56,20.0
44,189.2
47,30.9
19,186.1
65,196.1
41,78.7
46,41.7
66,171.1
38,156.6
48,21.1
65,52.1
19,113.1
46,22.8
52,128.3
19,54.6
61,85.3
34,182.3
53,91.2
43,146.3
32,189.1
63,155.4
66,182.5
18,118.4
51,51.4
69,83.0
56,40.8
33,70.4
26,24.2
65,193.4
68,32.2
42,85.1
43,131.8
35,186.0
48,168.2
69,97.8
29,39.8
23,84.8
42,188.0
67,192.3
19,123.6
34,46.9
30,50.6
24,50.9
22,186.8
32,57.8
63,25.2
53,23.0
31,25.0
27,123.2
46,36.6
53,55.9
53,163.4
47,70.7
40,149.7
49,136.5
26,118.4
23,51.4
27,123.8
31,95.9
64,174.5
45,51.0
40,25.7
32,148.2
20,23.6
59,41.9
18,114.5
53,22.8
19,111.0
51,196.4
46,80.3
44,105.3
23,136.9
38,152.9
35,50.9
64,114.7
32,104.5
57,118.3
50,140.3
34,154.6
54,97.1
39,45.7
23,56.9
46,154.4
48,38.7
55,61.3
37,133.1
60,22.0
31,168.5
27,182.4
34,182.1
44,106.5
50,80.9
51,66.0
34,38.9
35,171.8
58,47.8
29,73.3
46,194.4
67,150.1
52,83.2
23,136.8
50,51.9
52,102.4
25,71.3
41,167.5
56,124.7
42,110.7
37,21.2
33,119.3
37,136.8
65,26.7
38,102.3
53,195.3
59,114.2
19,180.4
41,68.0
40,29.6
47,74.2
25,135.0
47,124.6
62,105.9
64,104.5
42,199.7
68,90.2
59,174.5
32,161.5
66,141.8
59,35.1
49,36.7
47,198.1
23,66.6
25,122.9
53,22.6
46,100.6
40,117.2
67,44.9
24,172.0
57,89.1
32,143.3
67,175.8
53,194.5
40,96.3
33,132.5
27,130.1
21,39.3
69,175.4
65,74.4
34,125.1
25,83.2
27,189.3
53,65.6
35,100.8
46,86.4
47,157.9
57,185.1
56,155.6
47,31.1
33,68.0
32,104.9
57,21.3
56,159.6
64,148.6
53,125.0
57,56.3
39,72.2
21,93.6
29,93.9
29,21.2
52,22.4
44,76.9
69,73.8
49,44.6
58,38.7
23,88.5
39,160.4
20,136.1
18,82.5
51,171.0
62,31.2
27,41.8
34,49.8
60,106.7
62,72.8
49,189.7
64,126.6
69,155.0
31,28.6
24,94.1
35,93.9
50,197.0
68,26.3
39,118.3
44,123.1
53,151.0
50,193.2
30,87.8
67,79.6
25,161.9
66,118.9
66,103.5
42,25.5
32,148.8
20,123.2
37,118.0
69,20.8
34,64.4
26,147.2
56,169.4
40,115.9
66,124.3
37,102.3
24,106.1
55,137.3
64,113.5
35,110.5
42,151.3
39,107.4
69,120.8
19,40.2
39,135.7
61,126.7
45,120.8
69,83.5
34,199.1
60,122.3
67,169.5
46,173.3
65,81.4
25,121.8
35,161.3
43,23.4
22,92.8
41,120.6
41,142.8
21,54.2
42,113.2
29,172.8
60,197.3
60,160.7
64,136.6
45,35.1
63,94.4
57,60.7
50,124.5
30,83.7
39,146.6
23,195.6
30,72.0
67,129.9
43,101.6
28,25.4
32,178.8
33,82.5
51,49.0
49,51.7
62,94.8
29,22.3
33,138.5
39,122.6
57,172.1
51,182.6
64,198.8
23,190.9
30,142.5
33,137.5
47,97.3
62,189.3
62,135.7
43,132.7
28,178.3
42,126.2
52,103.7
28,94.4
62,181.4
30,150.4
45,67.8
48,48.0
63,55.3
59,45.7
45,79.9
67,35.7
27,105.7
44,103.7
67,39.0
32,150.2
63,134.6
52,180.3
60,172.6
35,86.2
66,27.7
64,135.6
59,101.0
61,28.1
50,185.2
41,32.2
62,61.2
34,98.9
49,179.0
41,89.0
37,142.2
37,173.8
27,51.7
18,182.6
48,192.6
24,76.6
21,122.4
26,149.0
62,136.9
65,89.6
24,22.7
36,120.1
29,79.1
45,99.2
23,73.2
34,56.1
68,105.7
33,120.7
41,59.9
40,175.0
41,136.5
43,100.9
62,179.3
62,177.8
34,130.9
26,119.9
64,25.9
68,22.9
45,67.1
46,193.4
58,121.7
60,106.5
29,42.6
23,74.1
64,167.7
44,123.7
36,43.1
62,145.5
65,192.6
47,99.1
58,98.9
36,99.2
47,158.3
50,72.9
28,161.3
33,193.4
48,196.5
59,101.6
24,51.2
66,193.5
28,163.5
19,177.8
21,88.1
69,124.0
66,104.3
29,102.5
35,76.4
46,43.0
23,89.5
47,32.8
28,114.6
30,169.6
30,46.3
37,124.8
55,126.9
21,125.4
60,183.8
37,151.3
38,91.3
66,158.7
38,52.0
51,116.0
69,46.7
21,54.3
50,37.3
61,97.7
65,198.8
40,156.3
56,174.1
31,39.4
68,164.9
50,111.7
56,155.6
59,35.2
49,157.7
64,137.1
53,143.5
34,20.5
49,26.6
68,31.9
56,157.1
39,154.2
20,50.7
63,29.6
69,59.3
28,77.3
23,30.3
22,114.6
61,42.5
29,102.4
43,192.3
25,138.9
61,31.4
54,173.1
36,89.0
66,106.8
44,170.3
19,149.1
37,199.2
64,153.4
25,175.3
40,88.0
57,107.9
31,139.5
22,94.5
60,164.0
18,167.1
53,45.2
30,141.0
66,32.1
24,118.9
47,36.1
51,29.9
58,68.4
38,78.7
68,123.3
33,89.4
27,33.3
58,186.4
60,113.8
35,126.5
31,126.2
57,101.5
61,67.6
69,148.9
43,50.7
20,103.4
40,172.1
59,158.2
42,171.6
64,68.1
63,114.7
29,126.4
53,70.7
21,28.9
31,153.5
50,183.3
41,93.5
61,153.3
55,73.4
42,33.1
25,97.9
67,183.4
53,194.6
55,178.2
38,185.8
44,124.3
58,139.2
57,84.1
57,95.2
28,192.2
60,179.5
42,186.4
64,125.7
33,186.8
36,73.9
66,25.5
21,60.9
66,126.1
32,177.5
21,36.8
45,162.4
62,36.3
27,176.1
36,76.7
31,78.3
18,97.1
22,30.7
44,85.1
46,125.5
20,118.4
54,71.1
64,174.5
31,68.7
46,120.5
25,116.0
18,67.7
57,161.7
36,91.2
51,37.5
60,108.2
50,95.6
37,154.0
69,165.5
58,186.6
68,108.4
28,27.2
31,55.6
34,44.8
59,172.2
60,74.6
60,170.8
28,112.4
58,130.3
56,104.7
66,25.5
66,162.8
68,89.5
62,87.1
42,28.3
25,127.4
62,157.9
21,59.5
56,31.9
37,78.5
51,52.2
52,105.9
31,81.5
46,20.6
22,23.1
27,175.7
47,193.7
29,131.4
25,184.9
46,173.4
58,85.4
69,167.0
51,189.5
22,85.3
55,55.8
22,195.6
52,164.4
51,98.4
47,48.6
42,144.3
48,146.4
22,174.8
68,164.5
61,25.5
31,111.5
28,93.6
52,104.4
28,43.8
61,165.4
53,174.4
18,160.9
65,106.2
28,128.1
29,83.7
18,160.9
54,95.2
20,57.4
30,21.1
18,66.4
63,191.7
53,127.5
39,187.7
38,113.1
45,109.4
68,131.4
33,192.5
31,79.0
60,119.9
20,69.1
52,83.6
25,127.2
31,53.9
62,104.1
67,151.8
42,135.6
60,78.9
61,44.7
55,148.9
25,122.4
44,56.8
27,92.9
58,123.7
69,195.9
31,47.4
22,34.4
53,160.1
66,171.0
18,32.0
42,149.8
32,30.6
44,117.2
69,142.5
54,158.6
30,147.8
49,197.2
48,53.7
28,97.0
43,173.9
69,104.6
45,170.3
52,141.3
51,93.0
66,150.0
44,150.2
19,147.0
21,106.1
64,170.7
20,141.6
56,56.5
40,33.4
31,42.3
40,28.8
39,192.8
57,89.0
29,61.3
25,102.0
54,35.8
19,75.9
68,88.3
31,169.7
49,112.9
48,172.5
33,124.3
52,58.1
67,32.0
48,80.2
27,30.9
54,156.6
53,69.6
67,58.9
57,81.3
62,134.8
44,29.0
55,193.6
59,123.4
55,58.3
39,27.1
65,92.7
22,194.5
53,168.7
67,42.8
36,44.6
20,23.9
54,56.2
41,87.7
66,170.3
23,60.6
31,47.9
55,174.5
32,195.5
51,106.4
35,93.8
30,114.1
64,92.2
45,199.6
50,31.6
21,158.7
18,96.4
57,38.8
37,166.9
34,27.0
61,109.1
35,163.6
34,81.3
68,81.3
65,46.0
35,42.0
47,44.3
26,94.0
36,114.3
28,133.4
49,65.6
57,117.4
53,82.0
48,156.9
61,33.6
23,139.0
37,170.1
18,26.7
60,43.5
28,85.4
21,154.3
51,181.5
19,76.3
39,177.5
62,30.8
37,54.3
37,43.2
56,40.1
52,122.4
29,68.7
19,37.8
26,132.2
32,42.2
58,160.2
26,60.6
27,143.0
32,158.8
60,82.1
55,182.3
62,22.9
49,167.0
28,48.1
19,22.6
57,137.7
37,65.7
45,143.5
30,176.0
35,57.0
51,62.1
58,53.8
41,39.7
18,24.2
68,165.0
29,117.8
62,64.7
58,93.5
36,84.4
50,126.4
64,135.8
52,91.2
59,76.7
60,46.1
42,40.3
48,120.5
46,51.8
46,75.8
18,183.9
49,168.2
52,92.4
66,56.9
31,149.7
40,179.3
24,99.9
65,102.5
62,135.3
27,184.9
21,93.7
51,43.1
35,184.1
21,179.1
36,48.3
52,156.4
51,83.5
46,191.4
46,82.7
46,72.1
54,188.2
44,21.6
49,98.9
51,117.2
19,146.3
24,83.7
59,66.9
29,131.4
19,26.2
30,196.4
35,142.6
35,137.3
53,195.0
30,23.7
43,38.7
24,194.5
47,139.5
31,42.1
39,154.2
23,184.6
49,191.3
33,174.0
50,88.8
67,197.0
20,68.5
68,158.0
69,153.9
56,152.1
53,170.1
46,197.8
39,67.5
50,129.5
22,66.2
41,29.5
25,20.0
69,164.2
39,183.4
66,102.6
35,91.5
64,93.2
53,181.1
54,164.6
44,84.5
64,66.0
51,112.2
55,139.7
18,38.7
51,48.2
44,21.7
59,44.7
34,35.0
49,71.2
35,151.2
45,97.3
41,62.1
34,91.3
33,110.1
54,126.0
63,58.0
32,88.2
33,84.1
60,158.2
24,192.6
57,171.9
58,89.4
58,194.5
66,106.6
23,39.7
19,61.1
62,41.8
35,71.6
26,125.0
31,48.0
55,79.8
31,154.7
43,66.9
64,99.4
61,73.9
32,24.3
67,103.6
19,58.5
62,113.4
31,104.7
45,43.7
58,152.5
33,138.5
24,197.1
54,56.0
65,191.8
62,87.3
50,49.6
53,100.6
56,84.3
49,66.6
42,163.2
60,141.0
27,155.8
33,144.4
41,122.0
61,72.1
22,184.6
68,108.1
21,133.6
39,127.8
54,127.5
24,120.2
32,88.6
40,103.7
54,179.0
59,139.6
42,99.3
40,143.3
40,74.8
42,145.9
39,118.0
35,101.4
54,86.1
42,169.3
58,127.2
43,145.6
68,21.6
47,103.8
43,72.8
35,168.7
51,155.3
30,158.0
39,41.2
64,167.5
68,100.5
47,72.4
64,79.1
29,149.1
20,162.4
42,104.6
35,62.9
46,123.6
46,64.5
19,29.4
38,103.9
52,63.2
28,25.3
33,92.6
51,168.9
20,164.1
41,98.7
57,130.3
66,48.3
53,75.5
29,173.0
43,67.1
18,31.8
21,65.1
33,136.7
59,161.1
20,55.3
22,31.7
62,112.1
51,175.3
44,47.0
57,63.5
35,181.8
69,155.0
18,22.4
46,36.2
68,171.7
43,101.7
38,167.9
38,36.4
37,38.9
31,118.3
64,167.5
22,30.6
61,37.0
58,196.3
26,154.5
47,199.8
30,166.2
34,143.9
51,67.8
41,32.1
55,47.3
68,157.1
18,185.8
43,196.3
49,51.6
35,75.0
65,93.2
57,95.0
51,142.3
61,194.0
40,185.0
67,70.7
40,31.1
40,82.0
61,83.1
45,51.9
62,62.3
32,55.0
65,121.7
20,106.0
43,169.0
58,166.0
19,122.5
35,77.2
24,66.5
54,119.4
62,117.7
35,170.6
32,121.1
53,55.1
45,185.6
52,70.1
24,93.6
46,120.7
50,104.6
33,78.9
20,96.1
50,145.9
59,123.7
59,48.6
62,113.0
21,131.9
28,199.3
50,85.4
39,165.3
42,66.5
54,187.3
28,69.0
68,172.8
49,65.1
24,190.3
57,163.4
60,113.6
58,196.8
40,168.1
20,196.3
47,180.0
38,177.1
34,155.8
44,97.9
64,178.8
26,86.6
63,148.2
23,142.7
63,134.2
35,43.2
40,123.5
32,175.0
47,168.5
26,60.4
45,163.6
21,146.9
69,55.4
49,160.2
48,165.6
22,163.7
64,142.1
58,50.2
36,165.7
64,165.7
43,100.7
34,117.6
18,54.6
32,175.7
48,135.0
23,135.7
65,61.9
53,186.4
60,34.0
30,104.6
51,198.5
66,160.9
47,66.6
56,166.7
26,62.1
44,95.2
68,85.9
64,98.5
20,96.2
38,45.9
53,84.5
18,78.8
64,66.2
59,142.5
41,164.2
43,21.7
21,35.6
37,154.9
59,69.2
68,112.4
62,147.0
39,105.1
25,96.4
32,120.8
58,26.7
55,51.6
20,179.5
37,157.4
30,41.2
67,145.3
30,184.5
25,101.2
43,77.4
32,147.1
42,31.5
63,185.4
18,130.7
23,40.0
54,99.8
62,164.9
44,107.8
23,110.2
69,139.3
31,144.5
33,119.7
41,126.8
48,56.3
63,59.8
38,126.3
61,38.2
44,142.3
23,185.4
67,103.2
18,118.4
29,104.6
30,110.5
53,33.0
23,98.5
29,192.5
68,199.6
69,168.0
21,157.5
39,38.5
22,191.5
64,88.6
57,100.8
23,193.6
54,169.5
21,147.6
26,24.1
33,147.2
55,169.2
51,57.6
50,136.1
32,120.5
40,194.7
20,137.6
35,71.4
37,183.5
25,122.3
59,127.8
22,97.3
19,197.4
24,38.7
55,171.1
27,63.3
58,43.2
69,185.6
69,142.4
46,100.2
52,163.6
54,54.7
47,20.5
26,116.7
37,171.0
25,62.1
54,188.9
21,37.7
62,59.8
65,79.1
30,43.7
28,176.9
65,112.1
18,152.4
53,91.5
21,61.5
48,44.7
18,67.9
21,35.1
46,194.6
61,104.6
56,195.6
24,74.2
40,58.7
25,175.5
27,29.9
34,85.2
21,67.4
53,90.4
53,184.3
63,179.1
59,93.1
32,89.6
63,26.2
51,97.2
55,156.0
66,81.6
54,133.6
64,141.0
22,107.5
31,108.3
18,50.4
69,79.8
68,157.2
52,192.6
50,160.9
67,69.7
22,106.7
41,63.3
53,177.2
63,165.8
52,97.9
46,117.4
54,115.2
43,131.7
55,98.8
32,23.5
27,137.0
47,99.8
45,138.6
68,117.3
42,109.4
36,186.8
45,188.6
30,111.8
58,42.4
36,109.0
22,182.7
24,190.7
52,33.1
24,155.8
29,122.7
48,80.0
38,54.2
50,56.6
24,65.9
46,189.5
23,198.0
54,141.2
22,99.9
23,182.1
52,20.6
66,177.5
20,50.7
28,193.4
45,74.4
47,135.4
21,130.9
25,97.6
24,141.1
20,89.2
56,76.1
19,66.9
23,161.6
32,181.3
20,173.1
26,81.9
35,83.0
68,188.4
62,149.8
60,113.7
26,68.6
34,117.3
46,81.2
62,53.1
25,144.4
60,129.9
55,149.8
55,185.3
43,40.9
52,77.6
68,99.7
66,39.6
40,128.2
53,184.2
64,59.1
67,159.3
65,142.7
42,94.6
43,94.2
44,50.5
18,155.8
64,133.7
59,20.4
52,33.0
34,142.7
20,165.0
20,184.7
48,157.9
31,179.3
19,199.5
46,122.4
63,93.9
26,196.4
42,195.1
27,67.7
63,53.2
67,53.5
36,98.1
36,40.7
28,167.3
22,106.2
52,169.2
60,160.6
39,69.9
54,40.5
39,183.2
51,56.6
40,60.1
45,124.4
59,69.3
40,49.2
32,94.6
30,123.1
68,198.3
23,199.9
22,92.6
27,81.7
40,125.6
52,156.2
62,140.8
64,24.7
53,173.5
48,138.0
48,95.0
48,152.2
21,119.7
62,168.3
44,26.4
65,104.4
24,64.3
56,126.7
34,109.8
34,95.6
25,27.0
37,131.4
24,67.4
18,186.7
62,195.2
41,35.3
36,150.8
22,34.4
22,186.5
57,199.3
53,78.1
18,24.4
45,32.0
23,23.3
57,114.9
23,155.9
31,179.8
33,164.6
66,179.6
38,65.2
18,131.5
62,124.2
26,159.7
62,101.7
35,157.9
40,182.9
52,98.0
45,128.9
21,188.7
45,127.7
53,55.7
22,188.0
30,195.3
22,184.2
44,82.2
69,28.2
21,35.3
65,160.9
47,120.1
23,78.7
22,87.6
42,107.2
37,192.9
49,187.4
33,114.0
25,166.9
46,195.2
34,133.4
50,180.4
45,188.7
60,127.0
50,111.0
65,71.1
59,149.4
39,168.4
38,135.1
37,64.1
28,26.9
36,160.4
66,23.6
39,131.9
59,124.8
21,46.1
61,191.2
45,34.3
52,116.4
46,191.4
26,179.3
23,68.0
34,153.4
61,109.3
46,118.2
37,112.9
20,53.5
56,105.6
37,42.9
65,159.6
19,153.2
61,72.5
65,58.9
20,49.4
64,146.5
63,84.2
63,141.8
25,95.4
18,148.3
28,83.3
20,40.1
23,167.0
21,82.9
49,198.1
49,160.2
68,140.3
23,199.2
32,94.4
36,193.7
61,88.7
58,68.4
30,66.4
59,132.6
43,163.1
43,154.6
21,69.3
43,153.6
37,65.4
23,104.5
33,146.1
65,29.6
56,82.3
54,139.4
63,113.9
20,127.5
35,160.3
60,91.1
48,36.4
66,169.5
66,26.6
23,102.9
52,89.5
57,75.8
52,92.9
65,172.9
25,195.1
58,175.2
18,55.8
58,112.0
33,81.4
63,122.9
54,99.7
27,39.1
53,83.0
58,29.2
51,83.1
62,85.4
49,85.3
40,88.5
37,190.5
55,197.9
47,180.0
57,137.9
41,151.2
67,38.9
29,41.8
27,111.6
44,189.0
38,191.8
23,130.3
36,178.6
38,39.5
50,113.2
66,134.7
59,152.4
55,122.6
54,139.2
68,126.2
20,75.8
34,147.5
47,45.6
40,100.7
36,132.4
44,50.3
63,92.4
42,122.0
64,92.6
21,163.9
29,56.4
60,31.4
31,109.5
29,31.0
47,148.7
20,96.1
37,45.2
48,79.3
59,189.7
23,97.0
24,44.0
46,70.7
31,115.9
34,126.1
42,146.7
61,166.1
41,90.2
48,109.8
68,34.7
55,110.4
63,180.2
55,82.8
25,30.7
44,163.4
19,148.9
65,87.5
18,124.2
58,81.5
57,58.7
61,187.8
48,44.0
51,23.7
47,71.9
55,181.9
36,181.7
49,193.3
26,128.6
50,145.6
43,150.5
36,126.7
24,75.7
22,36.8
55,162.8
62,146.5
27,156.8
28,192.5
46,110.1
47,103.5
38,52.2
44,186.3
33,63.4
32,59.2
69,198.8
69,32.4
33,180.6
29,70.2
32,41.4
33,47.2
38,103.8
60,187.1
43,118.1
62,174.5
49,161.5
42,32.5
67,23.4
33,75.4
66,116.6
40,26.1
54,191.9
42,57.8
67,164.2
30,51.2
20,71.3
19,147.5
27,178.0
57,178.3
21,149.8
46,21.9
28,153.4
31,137.5
38,153.4
63,48.6
63,156.1
31,116.5
48,64.5
26,182.2
43,117.8
44,112.7
24,77.1
37,57.8
44,103.0
59,131.8
55,58.9
64,57.2
40,150.7
21,164.8
40,189.8
34,82.1
49,42.1
58,65.8
64,129.3
18,43.9
34,31.9
22,170.4
66,37.3
31,104.8
52,189.4
31,182.6
28,63.3
41,196.8
49,135.8
36,129.6
31,53.0
21,39.4
19,101.5
27,84.3
56,102.0
50,72.0
44,34.7
38,41.4
47,23.1
60,65.1
25,182.4
40,20.7
49,196.8
27,35.2
63,196.1
69,122.5
44,194.0
44,75.2
67,115.2
57,46.4
31,120.6
49,179.7
25,115.0
58,169.3
21,195.3
46,97.7
24,149.8
34,20.7
41,35.3
42,164.6
45,118.2
21,123.1
54,199.5
25,75.6
35,86.1
67,52.8
57,179.9
62,148.2
65,161.4
42,168.0
34,173.4
37,143.1
33,65.9
35,21.3
61,78.4
43,144.4
48,119.8
55,162.8
32,158.7
51,177.3
46,189.7
61,122.6
42,197.1
41,36.9
47,190.2
18,47.6
58,145.9
22,89.1
47,160.6
32,165.5
44,53.1
59,76.0
21,175.3
49,132.7
52,52.4
40,138.1
54,119.4
64,27.1
20,51.5
39,36.2
50,48.0
25,67.5
54,136.3
66,108.1
35,178.7
22,93.7
49,66.7
21,199.2
31,180.1
30,133.1
32,151.7
40,151.2
50,42.2
52,92.5
46,119.7
52,192.2
32,168.5
61,95.5
50,66.9
60,189.2
34,140.6
51,24.7
53,97.2
27,29.6
24,160.4
19,176.4
51,52.5
25,181.6
69,41.7
32,163.6
28,96.0
63,192.4
20,145.8
57,182.5
29,162.5
20,104.7
62,191.1
26,95.5
64,166.0
48,76.9
49,40.8
31,180.3
34,46.8
46,181.9
61,85.5
45,133.8
36,175.7
46,136.7
46,158.4
19,63.8
67,31.4
56,127.8
48,79.8
56,38.5
55,183.4
64,188.0
44,47.7
55,186.4
45,156.6
53,57.8
37,143.2
31,48.4
57,44.1
46,134.7
24,36.1
18,40.6
30,176.9
39,95.2
35,55.8
53,109.4
53,151.6
65,137.1
19,133.6
50,101.9
24,71.4
34,95.0
36,142.1
22,134.2
46,158.0
32,119.3
26,127.9
62,60.7
28,57.4
55,70.7
37,161.0
45,38.7
61,135.8
41,26.6
61,150.5
37,194.6
30,174.2
19,55.9
28,103.8
57,131.6
61,73.6
53,153.7
53,109.2
37,70.3
50,119.0
69,41.9
34,44.5
44,29.7
50,127.4
42,75.7
29,80.3
38,184.9
35,53.0
56,87.0
22,93.2
20,117.5
52,131.3
28,146.9
48,117.1
56,156.7
68,194.3
45,174.3
62,133.5
20,116.9
44,149.9
31,103.9
51,182.9
23,186.1
60,184.5
45,185.2
33,39.2
19,187.6
48,71.5
42,158.3
55,182.6
47,54.9
40,54.8
48,60.1
55,109.8
61,35.4
33,86.9
42,135.4
69,187.5
37,194.5
67,161.0
55,185.9
55,61.3
19,123.6
31,129.6
38,150.2
51,147.3
63,73.3
60,109.6
51,111.9
25,187.0
49,76.0
57,23.3
18,196.2
36,22.9
69,118.0
58,50.0
27,64.5
60,168.7
24,173.9
45,144.7
68,195.4
20,150.9
39,158.8
55,52.7
66,125.5
58,89.6
33,174.8
36,44.8
69,153.9
52,172.3
41,99.2
28,135.4
28,73.9
58,127.7
64,81.3
57,30.1
44,53.4
41,27.6
35,129.6
44,123.2
53,67.1
44,75.5
46,85.5
51,130.8
33,146.5
52,109.5
46,89.8
54,169.2
58,58.4
40,31.5
67,198.3
31,102.3
47,174.2
49,103.4
57,71.4
69,107.9
51,112.0
46,157.7
39,97.4
60,95.5
69,196.8
52,153.5
21,118.4
47,59.2
63,73.9
41,165.6
21,168.6
54,75.5
40,63.7
39,137.8
59,102.9
19,156.8
57,154.3
22,110.6
32,197.2
46,123.1
49,69.2
58,176.4
33,38.2
63,21.5
30,139.5
44,33.0
42,184.2
58,197.9
33,102.1
35,148.6
20,107.4
23,71.4
27,197.3
39,162.0
61,66.3
62,135.4
64,39.9
59,139.8
31,165.0
56,150.2
25,54.1
52,63.4
22,89.6
24,63.7
33,139.0
64,132.8
54,184.6
67,89.3
47,73.6
59,138.4
62,184.7
61,185.4
18,161.5
44,22.6
22,69.4
30,139.6
31,155.0
65,179.5
24,176.4
51,144.9
43,133.0
39,49.2
41,27.5
34,130.0
58,154.8
21,169.9
21,134.2
53,97.7
52,48.0
22,45.5
66,158.9
44,122.3
20,184.9
50,149.7
52,143.4
27,56.3
62,170.8
38,81.3
22,108.2
20,25.1
51,25.9
66,199.2
38,141.1
52,61.2
47,108.9
21,90.3
25,166.7
30,68.8
69,119.7
37,74.5
66,181.9
49,98.0
35,76.6
25,74.4
31,35.2
62,117.5
30,55.3
33,189.7
55,45.1
62,180.8
66,53.0
20,24.2
29,55.2
28,44.6
43,164.7
58,39.1
47,181.9
59,185.5
44,165.2
24,168.8
23,115.4
34,56.3
62,121.0
44,132.6
65,185.0
58,31.6
52,88.4
42,50.0
54,95.8
31,109.2
34,23.1
64,22.5
31,179.9
62,166.0
66,160.0
20,155.6
52,131.9
42,122.2
39,145.1
28,91.1
47,64.6
41,73.8
38,97.0
22,72.2
48,164.2
43,20.5
62,33.3
23,179.4
32,32.5
18,135.9
31,64.6
48,160.1
31,164.9
48,170.2
65,116.4
48,58.4
58,82.1
59,189.8
41,178.9
21,174.4
64,79.0
49,35.2
48,189.6
52,124.2
51,77.3
39,151.0
53,116.3
24,76.8
64,184.4
45,29.5
34,53.3
64,102.2
38,185.3
65,111.8
52,84.7
56,95.5
46,24.2
48,118.8
63,183.1
53,164.1
68,111.2
57,109.0
45,68.4
39,181.9
29,167.1
62,154.4
42,73.8
47,99.2
63,80.2
38,92.3
23,180.4
59,21.8
18,139.3
60,147.3
44,54.4
41,159.6
36,178.2
64,132.0
32,136.7
57,174.4
27,94.2
25,20.8
44,63.1
63,197.8
55,180.2
53,34.3
67,141.1
25,99.0
65,47.4
22,75.4
23,159.3
44,119.3
57,179.9
63,192.3
41,86.1
26,21.4
37,197.3
54,169.7
41,40.9
67,116.0
31,89.7
21,122.0
27,93.9
61,70.9
60,32.0
33,90.6
26,46.4
40,94.6
34,151.2
32,83.1
36,149.5
19,137.2
23,189.8
31,198.1
18,166.9
30,148.1
39,124.3
30,76.7
25,60.8
19,142.0
55,77.3
51,75.6
44,46.6
56,156.9
42,51.2
29,43.8
47,50.9
31,44.5
28,83.6
34,156.7
65,33.8
48,110.5
59,82.8
57,146.3
62,83.7
35,137.4
66,170.9
64,156.1
37,39.9
23,47.8
26,134.0
27,133.6
56,85.8
20,189.4
19,199.7
34,110.7
68,187.4
25,136.4
19,45.8
55,122.8
64,44.4
66,47.6
60,197.4
47,143.7
65,142.1
47,77.2
45,163.5
65,20.9
68,160.4
33,79.9
28,45.3
48,162.6
49,48.5
25,100.5
21,188.9
65,71.5
53,60.1
22,74.8
68,178.9
57,148.4
47,69.6
40,43.3
57,117.5
26,102.3
55,157.8
28,29.3
69,184.3
67,67.6
24,100.8
45,45.2
19,141.0
67,69.3
29,158.2
33,119.4
18,27.6
51,162.8
51,63.4
47,170.1
46,176.2
27,173.9
67,146.5
57,87.5
62,108.9
22,163.2
21,111.1
67,133.1
66,52.9
29,178.6
36,125.5
22,156.1
36,144.1
22,165.7
51,142.3
59,34.4
36,181.5
53,86.2
40,147.3
39,169.2
59,160.5
27,120.6
35,108.9
34,39.0
42,185.0
18,46.7
61,65.6
47,67.0
63,153.3
44,109.1
58,93.3
33,92.0
28,42.8
27,45.9
64,98.1
31,152.2
28,120.8
69,154.1
60,156.0
31,139.4
23,76.0
19,195.0
45,168.3
67,65.0
24,23.7
27,87.0
60,185.1
68,137.1
19,60.3
46,68.3
63,163.0
48,112.7
41,107.9
44,57.1
43,36.8
41,28.5
31,131.8
54,121.2
55,94.1
42,40.1
58,26.7
59,72.1
32,160.6
66,108.3
47,75.4
53,169.3
47,33.8
58,21.5
28,23.8
53,44.4
29,45.5
29,191.7
43,60.1
38,112.2
31,171.0
67,194.0
38,169.8
40,99.2
29,105.1
61,46.4
69,53.2
68,172.5
69,44.3
37,79.3
50,193.1
28,132.2
35,64.3
28,123.2
22,157.7
49,174.0
64,34.9
18,195.9
53,79.7
28,46.0
51,43.0
49,199.2
58,176.0
53,66.2
53,85.4
64,97.5
65,176.1
43,101.3
40,57.0
34,151.4
44,135.0
18,100.9
38,157.7
62,28.6
66,169.5
19,43.5
66,138.2
47,41.8
30,156.3
42,156.7
65,180.1
18,157.4
46,35.8
35,117.2
65,67.8
40,34.8
52,33.3
58,73.7
29,84.3
38,56.1
50,33.0
68,98.8
44,33.0
50,153.8
50,54.6
43,28.8
59,160.2
50,109.0
40,116.8
61,74.9
38,101.6
45,50.8
36,158.5
36,113.7
29,162.8
65,84.8
57,131.3
49,93.8
33,89.5
51,90.7
65,96.7
36,80.3
23,59.5
43,99.5
29,26.1
64,114.8
66,23.8
41,42.0
54,197.6
49,61.7
27,171.3
58,114.0
46,148.5
43,147.1
33,71.6
20,134.7
48,89.5
62,158.5
26,84.1
49,175.2
30,57.5
33,44.6
61,43.2
22,113.7
50,58.6
25,78.7
25,83.0
50,188.8
41,24.7
38,78.3
56,151.1
34,96.1
67,83.7
56,38.3
67,175.2
51,104.2
29,105.5
39,154.5
26,24.0
50,41.6
58,118.3
57,47.0
61,77.8
59,139.9
38,198.0
60,169.3
51,28.0
33,129.4
52,188.0
66,161.1
36,37.9
25,159.1
48,183.0
57,165.7
62,63.3
52,49.0
33,94.9
44,68.6
19,54.6
38,129.4
26,108.2
40,185.5
32,86.1
42,152.6
46,188.1
30,158.0
44,108.0
59,157.6
26,135.2
20,179.5
61,159.6
69,43.3
35,197.6
63,33.2
59,178.6
46,47.3
46,140.8
28,105.0
58,59.3
40,115.6
68,141.9
59,83.7
44,192.5
22,155.9
27,167.4
22,105.3
45,172.9
57,165.2
19,73.8
38,32.9
53,138.5
40,166.9
25,129.3
33,64.9
67,32.1
36,134.5
56,120.3
52,158.9
27,199.2
55,27.0
52,59.9
61,182.4
40,126.9
22,114.3
56,86.9
65,117.3
69,163.1
37,67.1
62,84.7
63,39.7
32,136.8
40,102.7
43,187.8
22,94.9
67,95.7
19,181.6
45,110.8
69,183.1
60,123.6
48,53.3
69,104.5
44,137.9
35,184.7
27,126.0
31,49.3
68,55.6
42,108.8
40,79.9
65,174.9
65,181.7
60,130.1
49,151.0
68,132.8
60,165.4
52,129.9
25,144.0
24,101.1
62,179.9
49,105.8
54,80.4
66,25.1
37,176.5
52,171.0
27,151.3
26,165.2
33,102.4
58,112.6
67,52.1
69,79.7
43,164.2
68,170.9
18,70.5
66,31.5
47,92.9
33,79.5
59,70.2
34,101.6
64,103.0
58,155.6
53,196.9
65,168.6
56,85.2
68,111.4
31,43.6
18,27.5
50,183.1
52,77.0
49,142.3
58,65.9
20,154.9
40,52.1
48,117.2
25,186.5
33,160.7
65,186.7
32,106.7
54,25.6
69,89.5
52,32.5
19,166.7
48,84.1
36,157.2
45,168.3
49,111.6
62,55.1
54,167.8
24,22.4
19,138.0
37,188.7
20,34.2
24,130.6
66,163.5
23,61.5
35,184.7
52,147.9
24,135.3
39,91.9
27,94.6
25,154.9
38,78.0
56,183.4
67,194.2
41,179.8
24,104.1
58,195.6
24,120.2
67,28.0
45,144.4
48,60.7
27,89.0
58,185.4
19,37.8
37,49.1
30,101.2
19,119.5
45,136.1
19,86.6
43,38.9
59,185.7
18,178.5
21,198.6
65,56.2
66,61.6
58,112.3
30,155.2
22,185.5
28,29.9
64,65.1
65,43.9
20,111.2
26,77.0
63,35.3
60,169.8
54,134.7
28,75.8
65,170.8
37,72.7
27,128.5
54,69.7
66,195.1
49,42.2
34,156.3
18,104.8
41,178.6
25,77.6
33,50.1
19,122.2
40,185.0
37,194.8
39,141.9
54,142.9
49,99.4
29,71.5
63,69.1
20,149.9
68,153.9
46,124.0
69,165.3
31,28.8
69,143.9
64,143.4
32,59.6
59,192.7
22,108.8
63,27.6
61,171.2
62,143.1
29,34.0
52,184.6
20,172.8
25,58.7
54,122.1
31,105.5
43,145.5
47,192.0
45,164.9
51,54.2
22,163.3
41,147.9
67,40.8
53,176.4
54,65.3
35,55.3
56,174.1
21,186.3
61,125.3
57,87.5
49,161.0
66,135.7
39,46.4
28,31.9
60,116.7
49,175.6
59,137.8
42,57.2
65,166.3
23,40.6
38,109.2
56,63.3
38,180.5
43,198.9
30,103.5
55,52.8
33,143.3
33,149.1
49,49.2
49,175.9
34,165.4
31,178.1
51,45.5
21,44.3
34,194.0
22,161.8
38,174.5
52,181.1
51,76.1
32,96.7
54,130.3
44,155.9
65,67.7
65,199.9
39,196.3
30,63.2
29,27.3
46,109.3
57,152.2
32,158.5
61,116.0
22,82.2
23,177.1
68,34.3
28,43.2
63,146.9
27,57.0
25,87.6
45,143.3
28,76.8
56,63.4
62,123.5
56,124.8
18,80.1
32,179.9
38,152.7
43,51.7
31,43.1
49,22.3
30,162.9
19,166.3
53,83.4
56,26.3
51,100.0
54,93.8
29,52.9
57,65.5
47,37.6
47,176.7
55,41.4
63,54.5
29,85.9
36,176.6
35,174.6
49,96.6
53,129.8
29,134.1
42,78.7
48,182.4
49,130.7
67,101.9
63,131.5
43,190.2
38,20.2
63,132.7
48,39.6
55,184.2
34,117.0
38,56.0
39,131.6
57,192.9
36,133.1
38,168.0
29,62.9
62,144.5
59,102.0
61,109.0
61,77.9
48,94.7
48,95.8
20,198.6
38,107.9
53,98.4
66,199.3
25,26.5
55,133.8
22,96.2
57,78.6
60,139.3
63,47.0
54,110.2
21,64.6
50,116.3
63,166.3
51,72.3
54,25.9
27,43.5
39,189.9
37,109.3
45,77.8
45,179.2
18,63.3
68,198.1
67,188.6
66,120.3
46,22.0
59,140.9
45,29.4
42,188.4
58,96.6
36,40.1
19,137.1
42,100.3
48,55.3
39,126.4
39,52.7
23,77.3
43,37.1
23,189.7
23,164.1
42,21.5
62,147.1
67,81.9
61,54.2
37,21.9
22,156.0
35,181.1
25,39.6
25,27.5
19,138.6
54,185.0
41,99.8
55,136.9
47,148.7
69,124.6
48,113.2
44,182.4
37,140.3
36,167.0
23,90.1
44,74.6
40,188.1
31,171.3
51,21.1
69,169.2
62,149.5
49,95.9
64,95.8
69,113.8
30,133.5
69,174.5
20,56.2
18,154.9
26,59.9
44,170.6
64,46.2
65,188.4
42,143.3
67,197.3
50,147.7
55,28.2
23,173.1
20,68.5
49,55.5
68,39.7
57,34.9
53,120.9
60,117.0
44,71.4
24,108.2
66,42.9
31,93.1
38,158.1
62,54.1
40,160.9
50,128.9
60,84.0
50,198.7
68,196.2
27,167.0
48,121.4
21,97.6
27,55.8
27,188.7
65,72.2
50,46.3
58,186.9
20,181.5
64,159.5
67,93.3
55,83.6
29,94.0
22,29.2
48,66.5
30,85.3
46,61.0
41,137.6
23,158.9
39,77.8
25,172.3
26,93.2
48,191.1
48,130.5
42,93.0
25,59.2
38,29.1
31,20.7
21,94.9
25,133.5
62,74.4
50,127.8
27,114.5
61,185.8
34,81.4
38,60.1
41,158.6
25,127.0
22,151.1
47,125.3
65,93.2
33,63.1
59,157.5
49,151.8
61,184.4
33,132.8
53,124.7
45,82.4
62,194.0
52,123.5
30,93.6
59,198.7
59,34.3
19,65.7
61,114.6
55,153.7
36,46.2
26,73.0
22,39.5
59,117.7
63,71.4
59,98.9
47,47.5
19,197.9
37,199.6
44,101.1
41,89.9
21,29.1
59,74.9
58,148.9
35,82.7
29,23.0
65,61.3
49,97.5
52,60.7
61,149.0
66,51.7
50,182.0
32,173.9
37,169.7
19,76.8
54,42.1
31,97.5
32,49.1
47,145.2
25,157.6
56,83.1
28,51.1
37,111.5
59,197.6
34,133.1
36,111.8
52,191.9
40,149.9
38,148.3
35,164.7
21,131.2
48,26.3
56,161.2
29,166.9
18,144.2
64,199.1
69,24.4
32,162.9
61,123.9
18,113.0
24,67.1
34,35.7
68,121.6
42,24.0
66,79.3
40,120.4
61,102.0
49,122.4
46,82.2
48,24.2
29,98.0
33,79.6
18,93.6
47,159.8
28,69.8
23,140.4
45,159.4
35,158.1
56,36.7
39,96.8
28,188.2
38,57.3
38,175.0
54,40.8
46,133.2
42,155.7
63,60.8
63,36.5
39,125.7
55,141.9
41,147.2
32,114.0
36,130.0
37,23.2
21,23.9
22,100.2
22,33.1
48,49.9
23,84.8
53,95.8
53,160.1
66,177.8
18,32.8
65,153.3
31,185.6
19,21.6
54,182.5
51,108.1
20,78.9
59,81.3
52,68.0
36,85.7
54,95.3
33,41.2
67,79.2
39,148.6
44,196.2
59,145.8
66,113.8
69,81.2
24,91.8
67,84.6
20,20.9
33,114.0
67,126.3
29,158.3
62,193.9
60,137.9
25,181.5
24,41.5
19,57.1
28,36.8
24,128.2
34,57.7
31,27.6
59,136.0
69,169.6
33,151.9
24,165.0
63,60.1
51,127.0
50,116.9
25,24.1
40,144.1
26,51.9
24,52.5
53,148.1
55,156.3
59,51.3
37,174.4
18,27.5
23,115.5
36,107.6
36,104.2
22,138.2
69,50.7
48,119.0
35,161.1
40,121.0
57,76.8
52,93.1
41,117.7
37,137.0
29,69.7
43,56.7
49,133.8
35,184.3
19,44.7
26,113.7
29,174.4
22,86.4
50,88.7
23,175.9
34,117.0
33,182.5
28,59.4
29,157.4
57,40.7
36,72.7
59,96.3
51,64.3
37,129.8
19,30.0
52,77.8
46,84.9
20,194.4
33,123.2
68,98.7
63,48.4
24,137.9
25,70.2
37,84.1
25,36.3
56,159.8
31,95.4
52,83.7
51,129.2
58,45.2
51,65.9
36,177.6
50,27.4
35,100.9
22,141.0
57,159.1
45,97.1
30,68.5
67,87.5
20,117.4
64,50.9
64,132.5
68,168.5
44,76.3
69,85.5
64,178.9
32,93.8
69,98.3
28,154.5
44,109.1
57,157.6
47,105.8
56,148.2
57,137.9
37,181.3
53,191.3
38,73.3
51,57.8
51,31.9
38,118.7
31,45.9
34,64.7
58,47.6
56,149.4
63,40.9
35,151.5
44,107.0
38,45.5
21,46.6
43,128.0
68,195.1
57,46.2
34,199.6
44,182.8
33,41.5
30,94.6
45,140.8
18,102.4
60,104.0
20,199.6
66,68.7
68,145.1
33,34.3
30,176.1
64,154.7
61,86.4
31,35.9
35,135.8
48,188.8
18,103.0
25,100.2
59,62.4
31,24.8
62,157.9
62,100.6
52,72.7
39,162.0
48,105.7
56,128.7
66,195.6
26,22.7
63,121.0
41,158.1
52,59.4
23,26.9
56,43.6
28,161.5
62,45.0
37,167.2
37,183.0
51,70.7
33,26.9
61,24.8
46,130.3
64,77.1
68,179.1
35,59.4
28,158.1
52,82.2
25,152.9
64,41.3
41,57.9
29,51.5
58,37.1
40,182.4
49,182.6
34,158.6
42,82.0
43,153.9
55,184.7
48,129.4
37,35.9
65,181.5
31,26.9
31,153.1
31,29.6
67,148.4
53,180.6
36,73.0
37,88.9
53,179.2
58,70.2
54,139.8
44,91.8
45,41.2
60,61.2
41,72.0
66,114.1
35,44.1
45,124.6
65,29.5
20,187.1
56,153.3
20,169.5
55,178.5
48,127.0
68,134.0
35,125.7
50,91.2
46,91.1
63,125.6
46,163.9
19,69.3
46,159.4
29,155.7
65,171.9
50,60.6
49,104.5
26,150.0
29,192.9
43,50.7
44,113.6
55,79.8
68,103.4
30,158.0
49,78.6
35,99.4
57,96.1
55,54.3
21,91.1
39,78.1
42,192.3
34,195.9
44,197.0
54,131.9
44,98.8
53,55.0
27,155.3
43,58.1
50,120.4
33,174.7
19,86.4
49,53.3
53,195.2
69,74.2
25,95.4
55,69.5
60,108.7
64,90.7
29,148.5
21,44.4
27,185.0
20,50.8
42,34.5
21,183.9
33,158.2
65,68.6
47,40.7
29,104.5
36,98.1
46,63.9
28,118.2
42,130.5
32,77.1
37,51.4
68,197.7
37,129.0
58,59.1
28,176.7
56,51.4
42,127.0
39,100.4
66,81.2
18,187.5
35,153.6
27,72.5
19,72.4
56,59.4
31,48.9
47,49.7
33,125.7
45,75.3
56,55.8
66,61.2
58,127.1
23,192.6
59,31.1
53,45.1
49,177.2
44,51.9
40,118.0
23,178.3
65,103.7
29,44.3
53,22.7
32,149.9
26,101.7
35,70.2
44,68.9
27,144.0
59,28.3
39,176.5
60,105.7
65,162.0
62,190.0
47,139.9
52,128.4
40,44.1
34,73.8
57,81.4
27,166.6
61,86.3
25,62.2
65,34.4
37,177.5
49,159.1
24,37.0
32,168.4
26,110.6
27,167.8
45,70.1
25,77.6
35,152.9
21,173.3
69,71.0
47,22.9
67,47.4
48,45.5
32,161.3
38,99.1
27,142.3
31,78.8
38,182.5
60,82.0
25,98.1
21,102.9
24,184.9
39,92.3
36,181.5
53,25.1
54,37.3
58,52.5
60,49.1
53,185.1
62,33.1
41,142.8
39,106.3
56,134.1
51,195.8
47,136.7
19,55.3
43,174.1
25,174.3
38,55.5
64,169.2
50,40.4
19,42.1
32,40.7
22,146.6
27,144.7
54,39.6
55,36.2
53,150.3
31,152.7
61,164.9
29,100.2
31,68.8
58,198.8
65,187.1
61,26.3
62,180.8
42,122.1
56,141.4
38,47.6
37,142.4
27,48.5
37,64.7
41,70.4
31,57.8
66,155.3
61,128.1
50,73.8
25,120.4
21,66.1
32,190.9
18,58.8
31,86.2
64,123.8
50,134.0
59,138.4
29,68.0
45,49.1
49,72.0
37,49.8
62,191.2
40,30.0
29,159.7
50,46.5
41,158.5
66,49.2
36,22.7
32,87.6
60,195.6
62,57.5
59,120.1
22,123.0
20,125.5
40,167.1
18,62.2
54,20.6
27,77.3
50,56.0
58,89.3
61,168.3
39,29.0
25,26.4
25,21.7
45,149.6
45,152.3
39,136.3
18,24.5
53,25.5
21,79.2
49,160.7
40,80.0
31,42.0
33,25.1
42,186.8
25,26.1
18,172.8
37,28.9
27,156.1
36,149.9
52,91.1
27,36.0
31,31.9
54,133.5
21,109.0
29,29.3
28,143.5
52,99.2
67,100.6
30,139.2
33,135.7
69,44.3
21,50.3
47,176.2
61,120.9
59,27.2
60,140.9
57,102.3
42,142.7
62,175.5
39,128.8
32,183.7
27,94.8
50,135.9
33,67.3
63,45.4
28,101.5
65,178.2
50,156.0
39,165.3
47,20.3
34,113.0
63,132.1
48,156.8
57,199.3
18,131.3
55,115.9
38,71.6
18,149.6
61,176.1
19,151.0
22,196.9
39,191.1
59,198.2
47,147.5
19,157.6
56,88.8
18,53.3
34,122.0
42,141.5
38,26.5
55,38.5
53,162.0
64,137.4
18,133.9
20,23.3
34,35.6
34,132.4
62,98.6
67,148.6
59,115.3
41,45.2
59,92.8
40,94.4
60,102.7
67,22.9
22,196.0
29,124.1
29,119.3
41,183.6
26,35.2
29,175.6
38,178.2
33,50.5
44,86.9
43,69.0
36,172.5
27,22.3
41,167.3
35,111.1
36,23.4
28,66.6
24,159.8
32,128.5
36,169.7
53,190.0
31,124.9
19,68.0
34,73.8
21,66.0
46,64.8
26,186.6
64,152.9
45,177.9
62,107.6
32,25.1
18,81.7
57,142.4
32,112.7
68,180.3
24,160.4
61,112.9
31,182.2
21,68.2
28,147.0
51,86.2
54,159.0
48,80.8
38,181.1
50,144.1
42,38.8
33,46.9
61,72.7
59,126.4
39,41.6
55,135.3
59,162.5
23,197.6
22,102.6
19,112.8
39,66.8
69,190.7
61,141.7
27,61.3
18,72.9
54,141.7
38,61.6
29,128.6
47,193.9
25,113.7
30,132.2
57,107.0
47,47.8
38,164.8
65,171.1
21,86.7
29,154.9
47,88.8
31,78.9
19,36.9
31,154.1
65,48.0
31,141.9
32,105.4
33,46.9
59,192.1
44,63.3
18,24.0
44,181.1
64,161.0
66,178.0
35,100.1
63,144.0
23,155.9
18,97.7
54,147.6
60,187.4
66,68.5
23,59.6
25,105.6
40,81.5
31,50.7
58,68.0
68,178.1
40,174.1
40,23.3
58,46.8
34,39.0
64,65.0
42,177.6
55,138.7
35,185.0
48,167.7
55,140.5
18,98.0
44,51.2
47,148.4
38,44.3
64,123.8
55,142.7
20,68.4
42,89.1
64,79.1
40,71.9
52,181.9
66,63.1
31,122.6
69,25.6
59,119.4
59,62.1
24,91.2
58,181.0
49,150.3
42,166.5
62,111.9
23,56.1
46,147.4
53,188.7
37,67.0
23,124.5
44,83.5
35,76.5
38,166.7
46,154.4
40,102.1
35,30.9
19,196.8
29,150.9
52,55.2
33,171.8
46,26.4
35,77.7
41,60.5
60,199.7
68,115.0
43,92.2
18,198.0
34,78.7
67,28.0
40,104.1
19,141.0
61,198.2
50,34.7
33,22.0
53,66.1
57,22.2
59,48.8
33,156.4
51,39.1
33,58.0
63,140.5
51,61.4
58,27.6
60,67.4
60,169.8
38,49.0
45,40.8
63,171.2
58,107.4
60,185.0
52,80.3
64,93.4
27,43.4
46,118.8
58,81.9
58,167.9
18,102.0
59,93.8
44,58.9
54,175.7
61,46.8
24,94.8
39,122.4
40,60.1
36,105.0
26,33.6
54,100.3
54,172.6
28,89.5
35,54.5
67,179.8
58,199.8
62,178.4
26,50.5
37,199.6
20,108.7
39,78.3
38,65.4
18,171.1
66,65.1
32,86.8
27,159.0
52,166.7
32,121.3
24,166.9
25,116.2
58,143.5
31,73.2
45,48.3
44,73.3
51,58.5
62,135.8
63,77.4
33,148.9
33,83.1
56,144.5
47,177.0
65,138.6
50,186.5
51,131.5
54,113.3
62,72.0
51,194.0
26,105.0
37,163.6
23,165.7
43,166.7
50,131.6
31,135.9
54,100.1
19,197.7
46,28.3
68,155.7
34,51.3
62,139.0
56,185.8
28,55.0
31,32.4
30,173.0
45,105.2
65,178.7
46,86.3
21,81.2
46,164.1
44,199.6
42,77.8
54,63.3
46,137.3
21,118.5
57,43.2
39,100.9
18,190.5
26,182.4
30,106.6
18,59.9
27,110.3
68,179.0
34,148.7
58,114.6
34,131.4
58,60.4
48,87.1
37,185.8
42,20.4
69,48.0
32,130.7
19,72.6
31,150.7
36,178.8
40,83.7
68,145.1
32,137.1
59,192.4
45,35.9
27,90.0
58,92.8
31,75.4
54,50.5
36,188.1
45,74.2
34,154.3
67,125.4
51,65.8
66,107.5
44,78.7
55,179.1
24,134.6
57,69.1
42,171.6
23,145.9
51,193.1
42,53.3
31,30.0
21,110.4
28,118.0
29,104.3
59,117.9
20,108.0
18,192.3
54,41.6
50,77.1
59,95.8
57,176.9
24,128.7
20,71.0
31,124.6
22,59.7
60,26.9
29,69.2
61,114.8
67,118.3
37,128.5
29,99.6
41,37.6
59,38.9
43,69.2
29,182.7
56,190.7
56,28.1
24,99.6
20,25.0
38,165.7
35,91.3
33,69.7
39,59.0
30,169.2
51,24.2
60,148.1
49,95.6
45,185.0
52,75.4
20,103.8
46,199.1
57,138.0
24,149.1
49,172.9
49,135.9
51,81.3
55,90.8
18,96.4
53,131.4
42,160.0
20,149.9
34,21.2
25,147.3
55,150.2
54,121.2
26,126.9
62,151.9
34,154.8
24,132.6
53,160.9
58,51.0
69,98.1
68,85.4
24,129.5
30,41.9
23,124.5
36,108.6
19,26.5
50,107.0
36,89.0
33,155.4
35,110.3
20,113.4
36,186.0
32,139.9
38,100.1
36,161.6
29,39.2
38,164.7
69,91.1
54,165.7
41,90.5
59,176.4
19,85.1
21,69.0
27,101.6
34,72.5
32,100.9
22,154.2
44,20.3
45,139.1
49,196.4
24,162.4
22,156.3
60,143.2
56,71.1
32,47.0
27,119.1
53,67.9
27,120.1
37,59.3
19,81.7
27,107.0
65,96.0
45,73.3
67,115.8
25,130.4
18,184.4
49,169.9
67,85.5
18,129.8
50,22.3
23,25.6
59,110.2
37,24.0
51,193.2
36,130.2
26,123.6
29,115.5
67,73.9
65,149.6
50,41.5
50,132.7
42,49.2
34,49.6
42,172.5
36,141.1
23,182.8
31,105.8
43,67.4
31,145.0
24,63.8
31,24.4
32,115.6
54,37.9
67,186.4
32,190.3
27,68.3
26,95.8
24,40.1
65,159.5
64,60.6
28,63.9
53,128.7
47,64.6
42,158.1
45,123.0
33,185.1
65,91.8
30,134.2
51,153.2
65,46.6
54,197.3
66,108.6
50,81.4
34,91.7
41,34.3
56,79.9
21,86.5
23,41.5
46,162.2
28,94.3
63,66.4
27,120.4
33,87.0
21,131.2
39,165.0
39,111.4
40,66.1
58,85.8
34,59.4
45,61.5
35,169.6
67,131.2
19,159.4
47,74.5
37,41.4
27,29.1
23,120.9
32,151.8
45,132.3
65,52.1
31,61.6
68,112.7
35,155.8
68,115.2
30,123.5
66,47.1
27,89.8
62,166.7
43,188.1
51,81.9
41,59.5
46,119.0
31,111.1
32,132.2
32,97.5
50,83.5
64,106.6
28,64.1
56,106.4
42,77.8
53,143.7
36,120.9
57,195.1
46,140.2
53,48.6
65,126.7
46,101.4
48,43.8
60,71.7
67,190.8
35,153.4
55,68.0
31,68.5
69,109.4
29,80.9
36,150.2
28,137.8
67,118.3
57,144.4
61,46.9
45,29.8
44,28.4
52,168.3
59,155.1
54,29.4
51,24.5
28,182.5
61,120.4
27,122.6
21,76.6
21,184.1
46,175.1
61,168.4
48,173.6
58,32.7
62,120.3
52,92.7
49,138.3
68,183.7
34,116.2
27,130.8
46,145.6
19,88.9
43,128.0
69,32.1
46,76.8
29,45.9
41,169.1
57,114.1
61,92.0
19,157.4
44,83.7
26,171.0
46,87.9
63,31.5
43,148.2
24,50.9
43,43.5
45,126.5
59,171.3
43,155.2
60,137.7
39,78.6
32,102.6
64,53.4
27,110.9
63,61.2
48,32.5
20,81.3
33,185.8
65,140.8
42,187.5
48,48.3
45,169.0
52,73.0
26,101.0
24,106.3
50,60.0
43,122.6
25,72.8
26,161.1
32,152.4
45,150.8
33,61.7
43,54.3
66,199.6
66,185.3
32,141.8
66,57.8
27,71.4
41,140.7
48,107.0
19,63.4
26,48.0
49,104.6
52,63.5
56,157.2
57,139.3
19,40.6
47,106.7
56,98.1
51,77.0
49,89.6
29,145.3
24,64.7
35,168.0
38,50.3
69,63.6
67,55.4
56,123.1
57,75.5
58,144.4
65,191.5
40,164.5
38,81.5
65,132.5
44,122.0
63,113.4
22,86.2
21,57.8
49,20.7
22,101.4
62,153.1
39,197.8
53,144.5
29,67.1
30,79.7
42,71.0
21,155.8
30,26.6
31,195.9
51,74.6
37,37.6
56,60.7
52,106.0
21,60.7
63,186.0
21,51.1
44,50.8
34,50.6
42,34.2
21,109.6
63,167.4
37,167.9
39,64.4
65,83.7
59,27.1
19,196.5
59,115.0
25,124.0
55,104.8
20,57.7
37,191.5
43,176.4
38,22.1
46,108.0
23,106.5
69,39.9
23,158.9
68,88.8
33,69.0
35,165.8
67,76.7
59,32.2
19,177.3
48,114.8
40,132.4
58,190.5
56,155.1
63,79.2
18,160.8
57,119.2
69,39.7
34,56.8
65,49.4
45,125.9
48,56.9
24,74.4
59,81.5
18,76.5
25,35.0
38,95.1
23,71.7
30,156.5
32,85.8
68,180.8
37,188.7
38,87.2
40,145.8
67,157.8
60,27.0
56,152.9
59,30.9
63,76.0
22,116.2
36,46.0
52,114.1
48,150.4
51,156.4
30,174.2
24,149.5
55,148.6
31,163.4
46,164.5
50,39.3
30,139.2
67,133.5
36,36.8
47,25.7
51,22.1
61,183.7
41,67.9
30,45.6
24,109.5
42,191.1
66,28.4
63,49.9
38,185.7
30,163.7
66,161.3
69,128.7
32,109.2
66,179.8
69,97.1
67,27.1
47,138.9
45,37.4
53,160.2
41,89.3
27,103.2
36,186.7
23,95.6
42,37.4
31,140.5
34,134.7
62,86.0
61,52.4
35,35.0
25,104.7
63,179.4
38,185.7
46,173.7
61,166.8
50,153.4
51,94.9
40,55.0
25,162.3
66,36.0
52,26.9
31,70.9
35,195.9
31,65.4
26,77.4
45,34.9
37,173.5
35,116.4
60,187.5
51,194.6
42,54.1
24,123.2
60,98.8
43,57.3
42,30.4
19,67.5
33,75.6
49,50.9
48,149.3
40,50.4
32,52.5
31,42.8
45,170.6
31,113.2
61,47.0
62,27.1
48,160.7
35,29.5
68,152.2
23,91.6
54,40.4
18,151.6
36,35.2
18,137.2
47,110.7
63,126.2
25,37.4
44,128.3
33,176.2
22,192.5
50,74.7
36,21.0
34,143.5
25,181.8
21,183.7
25,20.4
47,26.4
59,95.1
35,101.8
27,191.6
40,48.9
26,67.9
40,69.2
41,50.4
66,176.0
21,162.9
57,45.9
26,160.3
51,70.8
52,64.4
60,142.8
61,156.3
34,36.0
31,90.1
67,56.1
42,46.6
28,146.3
60,163.7
29,64.2
38,181.5
36,159.5
58,85.1
69,87.0
57,161.3
41,174.9
19,121.0
59,35.0
30,175.5
64,61.0
41,127.0
37,51.8
42,56.6
27,59.6
20,173.5
30,112.8
41,187.5
65,27.5
51,189.2
61,127.3
49,156.2
33,147.9
68,54.1
31,31.5
18,40.2
55,37.7
65,46.7
56,184.8
51,194.1
47,102.3
39,189.9
62,143.0
46,21.4
65,106.4
57,38.5
53,69.2
36,80.4
29,194.1
61,42.8
26,37.7
36,97.7
56,186.9
53,190.9
30,135.3
25,135.5
49,195.0
36,85.8
62,50.6
32,55.2
29,199.1
47,139.1
50,199.5
30,52.6
52,100.7
49,39.9
58,148.0
59,188.5
64,179.5
59,194.6
22,168.6
22,78.8
18,95.0
18,43.9
37,33.1
23,153.1
18,149.1
55,48.8
30,120.6
31,73.7
41,197.1
20,117.3
48,160.1
50,78.3
50,179.3
32,187.6
26,35.0
69,130.5
31,60.9
23,166.9
49,185.9
68,61.7
57,126.5
36,163.1
26,164.1
36,70.9
43,158.7
49,193.9
38,52.8
55,180.5
52,81.3
25,68.4
53,22.0
56,101.5
23,56.7
44,147.2
57,174.6
26,98.3
58,111.3
45,124.0
34,194.9
29,175.4
49,102.6
22,70.1
33,128.4
39,157.4
44,149.1
25,64.7
54,80.0
61,196.7
52,61.8
52,132.2
62,138.8
54,168.7
50,155.7
22,124.3
57,104.8
40,136.2
20,118.6
37,174.0
22,187.3
44,104.8
61,45.5
18,129.4
46,138.5
23,113.6
21,71.7
56,70.6
24,195.9
65,142.0
34,104.7
51,153.4
40,92.8
35,116.3
68,131.8
22,195.3
60,73.6
56,150.4
63,161.5
31,28.2
60,67.0
18,152.5
39,52.0
28,115.5
34,199.6
21,138.0
61,154.1
27,171.9
49,59.1
32,107.4
59,58.9
38,42.9
37,37.6
34,137.5
49,193.3
28,116.9
34,130.5
30,41.7
46,113.4
42,173.9
54,156.6
42,39.2
47,79.0
26,152.1
28,48.3
53,191.0
52,33.4
66,21.8
48,129.6
44,38.5
30,148.9
62,112.5
51,67.7
61,148.0
60,123.4
31,165.5
34,38.3
58,35.6
41,118.0
32,197.6
69,97.1
39,24.1
43,35.2
60,101.4
23,141.9
27,113.3
22,190.1
39,42.5
56,114.2
55,121.9
62,107.8
47,110.1
57,112.9
27,195.5
62,114.1
69,98.9
50,195.4
54,41.8
28,101.0
34,184.1
19,176.3
41,171.3
35,168.3
48,188.8
35,88.0
38,137.6
49,48.4
30,188.7
52,163.4
66,152.9
31,195.4
56,47.9
40,122.7
47,125.0
45,190.9
19,175.2
41,138.2
69,119.9
51,63.6
55,53.6
31,141.7
23,195.3
36,23.2
65,121.8
46,184.8
32,104.6
47,88.0
36,57.7
37,94.4
18,29.3
58,77.0
29,115.8
26,118.7
29,74.3
42,76.8
51,73.5
35,160.2
42,122.1
69,107.2
59,34.7
60,87.1
33,198.8
52,177.6
38,95.9
68,121.9
66,142.6
42,100.1
27,22.4
33,84.0
67,139.0
59,160.7
59,195.9
51,167.1
51,21.2
46,163.4
62,198.6
32,146.6
50,22.2
45,120.8
59,118.3
68,173.0
41,170.5
59,54.0
40,20.1
22,90.5
29,150.1
51,163.0
21,79.1
50,150.9
62,91.3
21,52.4
60,73.9
62,128.0
66,172.0
27,193.4
35,91.9
40,79.6
57,25.2
26,125.1
25,74.5
57,43.0
53,87.0
39,114.0
43,170.8
45,118.1
34,26.3
24,100.3
38,62.7
59,96.5
54,141.1
30,169.2
29,148.4
38,172.3
19,61.5
46,58.2
43,192.4
63,78.4
60,157.4
59,157.0
19,119.2
67,110.5
56,74.3
36,92.8
52,70.8
38,142.4
27,71.8
38,70.6
51,124.7
33,151.3
27,67.0
51,55.4
21,174.8
21,112.8
21,107.0
26,25.2
39,104.4
64,184.5
18,121.6
69,163.1
61,114.5
51,160.5
51,70.4
55,89.6
21,171.6
44,172.6
33,44.1
37,92.0
32,41.9
43,121.6
54,66.4
69,28.5
46,109.1
34,60.4
33,123.2
28,117.5
55,120.0
35,123.3
32,190.6
38,53.4
48,21.4
63,75.8
21,30.4
43,111.0
55,98.8
61,31.9
46,78.7
26,165.6
47,191.4
53,147.4
37,35.8
45,195.3
19,86.2
31,22.4
65,141.5
66,28.1
60,179.0
45,171.8
36,194.8
44,147.9
27,90.7
46,113.7
43,94.9
64,73.7
41,170.1
50,67.4
63,181.1
34,49.7
33,25.3
36,125.3
68,138.0
54,197.5
65,62.0
38,157.5
61,174.3
44,62.2
69,54.9
57,76.9
48,141.6
69,161.6
59,44.1
56,100.6
62,164.2
29,155.6
40,38.4
30,60.1
47,39.9
41,196.5
57,148.2
27,119.1
45,34.9
29,86.7
29,188.8
56,94.7
63,186.5
26,139.3
24,166.0
59,114.5
47,176.2
22,50.5
31,138.5
67,157.5
59,82.2
47,58.6
42,27.0
33,89.3
33,88.4
39,105.4
48,170.8
60,191.2
66,70.8
28,142.7
31,20.7
30,76.3
26,76.6
56,162.5
56,89.6
24,35.9
20,116.3
45,116.5
30,173.3
24,104.3
32,65.0
60,118.2
42,45.7
65,119.9
24,127.2
67,61.7
30,72.5
51,172.4
38,198.7
47,43.2
63,179.7
60,89.0
41,25.3
67,186.1
47,93.0
30,124.3
43,135.0
65,104.7
18,41.7
58,193.0
67,174.6
50,89.3
24,78.8
54,105.2
38,42.2
44,69.9
62,21.2
68,114.3
49,147.2
22,50.9
58,48.2
18,79.2
68,112.6
22,125.7
35,25.0
28,127.2
